商品名称,价格,商品链接
NikeLab x RT Victorious Minotaurs男子T恤,￥499,https://store.nike.com/cn/zh_cn/pd/nikelab-10-rt-victorious-minotaurs-%E7%94%B7%E5%AD%90t%E6%81%A4-2R9nm8/pid-11805480/pgid-11868041
Nike Air Force 1 '07男子运动鞋,￥749,https://store.nike.com/cn/zh_cn/pd/air-force-1-07-%E7%94%B7%E5%AD%90%E8%BF%90%E5%8A%A8%E9%9E%8B-jnTp8zLd/pid-10005902/pgid-11454573
Nike Air Force 1 Mid '07男子运动鞋,￥799,https://store.nike.com/cn/zh_cn/pd/air-force-1-mid-07-%E7%94%B7%E5%AD%90%E8%BF%90%E5%8A%A8%E9%9E%8B-8FGZsm/pid-10033323/pgid-12407545
Nike Roshe One男子运动鞋,￥499,https://store.nike.com/cn/zh_cn/pd/roshe-one-%E7%94%B7%E5%AD%90%E8%BF%90%E5%8A%A8%E9%9E%8B-BvwgJL/pid-10000021/pgid-12412526
Nike Air Force 1 Mid '07男子运动鞋,￥799,https://store.nike.com/cn/zh_cn/pd/air-force-1-mid-07-%E7%94%B7%E5%AD%90%E8%BF%90%E5%8A%A8%E9%9E%8B-WPz2NL/pid-10033322/pgid-12412521
Nike Futura True 2 Snapback运动帽,￥199,https://store.nike.com/cn/zh_cn/pd/futura-true-2-snapback-%E8%BF%90%E5%8A%A8%E5%B8%BD-2FVpFz/pid-10022942/pgid-12412528
Air Jordan XXXII PF男子篮球鞋,"￥1,699",https://store.nike.com/cn/zh_cn/pd/air-jordan-32-pf-%E7%94%B7%E5%AD%90%E7%AF%AE%E7%90%83%E9%9E%8B-OnTrvbA9/pid-11903088/pgid-11933785
Nike AeroLoft LeBron男子篮球夹克,"￥2,199",https://store.nike.com/cn/zh_cn/pd/aeroloft-lebron-%E7%94%B7%E5%AD%90%E7%AF%AE%E7%90%83%E5%A4%B9%E5%85%8B-q9GzWx/pid-11521747/pgid-11933737
LeBron XV EP男子运动鞋,"￥1,599",https://store.nike.com/cn/zh_cn/pd/lebron-15-ep-%E7%94%B7%E5%AD%90%E8%BF%90%E5%8A%A8%E9%9E%8B-0nTgJ11M/pid-11823804/pgid-12014947
Jordan Lifestyle Hooded Down男子夹克,"￥1,699",https://store.nike.com/cn/zh_cn/pd/jordan-lifestyle-hooded-down-%E7%94%B7%E5%AD%90%E5%A4%B9%E5%85%8B-qrBWKH/pid-10995163/pgid-12412698
LeBron XV EP男子运动鞋,"￥1,599",https://store.nike.com/cn/zh_cn/pd/lebron-15-ep-%E7%94%B7%E5%AD%90%E8%BF%90%E5%8A%A8%E9%9E%8B-4VTngM17/pid-12254619/pgid-12248232
Air Jordan XXXII Low PF男子篮球鞋,"￥1,399",https://store.nike.com/cn/zh_cn/pd/air-jordan-32-low-pf-%E7%94%B7%E5%AD%90%E7%AF%AE%E7%90%83%E9%9E%8B-JkTGVK1N/pid-11903085/pgid-11933784
Nike Zoom KD10 EP男子篮球鞋,"￥1,299",https://store.nike.com/cn/zh_cn/pd/zoom-kd10-ep-%E7%94%B7%E5%AD%90%E7%AF%AE%E7%90%83%E9%9E%8B-16n0M5/pid-11902632/pgid-12412783
Nike Zoom KD10 LMTD EP男子篮球鞋,"￥1,299",https://store.nike.com/cn/zh_cn/pd/zoom-kd10-lmtd-ep-%E7%94%B7%E5%AD%90%E7%AF%AE%E7%90%83%E9%9E%8B-qqTAYGoA/pid-12020599/pgid-11861919
Nike Zoom KDX iD篮球鞋,"￥1,399",https://store.nike.com/cn/zh_cn/product/kd-10-id/?piid=44243&pbid=823691226
Nike Zoom KDX iD篮球鞋,"￥1,399",https://store.nike.com/cn/zh_cn/product/kd-10-id/?piid=44238&pbid=330134776
Nike Zoom KDX iD篮球鞋,"￥1,399",https://store.nike.com/cn/zh_cn/product/kd-10-id/?piid=44245&pbid=792976621
Nike Zoom KDX iD篮球鞋,"￥1,399",https://store.nike.com/cn/zh_cn/product/kd-10-id/?piid=44244&pbid=314312401
Nike Zoom KDX iD篮球鞋,"￥1,399",https://store.nike.com/cn/zh_cn/product/kd-10-id/?piid=44241&pbid=539617014
Nike Zoom KDX iD篮球鞋,"￥1,399",https://store.nike.com/cn/zh_cn/product/kd-10-id/?piid=44237&pbid=990628614
Nike Zoom KDX iD篮球鞋,"￥1,399",https://store.nike.com/cn/zh_cn/product/kd-10-id/?piid=44246&pbid=893918621
Nike Zoom KDX iD篮球鞋,"￥1,399",https://store.nike.com/cn/zh_cn/product/kd-10-id/?piid=44239&pbid=222663150
Nike Zoom KDX iD篮球鞋,"￥1,399",https://store.nike.com/cn/zh_cn/product/kd-10-id/?piid=44242&pbid=904151097
Nike Zoom KDX iD篮球鞋,"￥1,399",https://store.nike.com/cn/zh_cn/product/kd-10-id/?piid=44240&pbid=313923870
LeBron XV LMTD EP男子运动鞋,"￥1,599",https://store.nike.com/cn/zh_cn/pd/lebron-15-lmtd-ep-%E7%94%B7%E5%AD%90%E8%BF%90%E5%8A%A8%E9%9E%8B-qqTAOBBR/pid-12143067/pgid-12127808
Kyrie 4 EP男子篮球鞋,￥899,https://store.nike.com/cn/zh_cn/pd/kyrie-4-ep-%E7%94%B7%E5%AD%90%E7%AF%AE%E7%90%83%E9%9E%8B-1l1wok/pid-11993078/pgid-12183993
Jordan Sportswear MA-1 CNY男款夹克,"￥1,499",https://store.nike.com/cn/zh_cn/pd/jordan-sportswear-ma-1-cny-%E7%94%B7%E6%AC%BE%E5%A4%B9%E5%85%8B-r3jYm7/pid-12206363/pgid-12207062
Kobe AD EP男子篮球鞋,"￥1,299",https://store.nike.com/cn/zh_cn/pd/kobe-ad-ep-%E7%94%B7%E5%AD%90%E7%AF%AE%E7%90%83%E9%9E%8B-80NScS/pid-12016682/pgid-12413202
LeBron Soldier XI EP男子篮球鞋,"￥1,199",https://store.nike.com/cn/zh_cn/pd/lebron-soldier-11-ep-%E7%94%B7%E5%AD%90%E7%AF%AE%E7%90%83%E9%9E%8B-qW4fmt/pid-11823779/pgid-12412780
Kobe AD EP男子篮球鞋,"￥1,299",https://store.nike.com/cn/zh_cn/pd/kobe-ad-ep-%E7%94%B7%E5%AD%90%E7%AF%AE%E7%90%83%E9%9E%8B-TN9HZr/pid-12012162/pgid-12416036
Kobe AD EP男子篮球鞋,"￥1,299",https://store.nike.com/cn/zh_cn/pd/kobe-ad-ep-%E7%94%B7%E5%AD%90%E7%AF%AE%E7%90%83%E9%9E%8B-spqkBq/pid-12016681/pgid-12413710
Kobe AD EP男子篮球鞋,"￥1,299",https://store.nike.com/cn/zh_cn/pd/kobe-ad-ep-%E7%94%B7%E5%AD%90%E7%AF%AE%E7%90%83%E9%9E%8B-dPT0zKRG/pid-12182058/pgid-12027318
Kobe A.D. iD篮球鞋,"￥1,399",https://store.nike.com/cn/zh_cn/product/kobe-ad-id/?piid=44256&pbid=575807541
Kobe A.D. iD篮球鞋,"￥1,399",https://store.nike.com/cn/zh_cn/product/kobe-ad-id/?piid=44261&pbid=489403835
Kobe A.D. iD篮球鞋,"￥1,399",https://store.nike.com/cn/zh_cn/product/kobe-ad-id/?piid=44260&pbid=865729361
Kobe A.D. iD篮球鞋,"￥1,399",https://store.nike.com/cn/zh_cn/product/kobe-ad-id/?piid=44252&pbid=537983148
Kobe A.D. iD篮球鞋,"￥1,399",https://store.nike.com/cn/zh_cn/product/kobe-ad-id/?piid=44434&pbid=604305436
Kobe A.D. iD篮球鞋,"￥1,399",https://store.nike.com/cn/zh_cn/product/kobe-ad-id/?piid=44259&pbid=124685742
Kobe A.D. iD篮球鞋,"￥1,399",https://store.nike.com/cn/zh_cn/product/kobe-ad-id/?piid=44255&pbid=230919261
Kobe A.D. iD篮球鞋,"￥1,399",https://store.nike.com/cn/zh_cn/product/kobe-ad-id/?piid=44253&pbid=151142258
Kobe A.D. iD男子篮球鞋,"￥1,399",https://store.nike.com/cn/zh_cn/product/kobe-ad-id/?piid=44459&pbid=817168513
Nike Zoom KD10 EP男子篮球鞋,"￥1,299",https://store.nike.com/cn/zh_cn/pd/zoom-kd10-ep-%E7%94%B7%E5%AD%90%E7%AF%AE%E7%90%83%E9%9E%8B-dPT0gGYA/pid-11919648/pgid-11852285
Jordan Super.Fly 2017 PFX男子篮球鞋,"￥1,199",https://store.nike.com/cn/zh_cn/pd/jordan-super-fly-2017-pfx-%E7%94%B7%E5%AD%90%E7%AF%AE%E7%90%83%E9%9E%8B-JkTGVgwm/pid-11974382/pgid-11979076
克利夫兰骑士队 (Cleveland Cavaliers) Icon Edition AuthenticNike NBA Connected Jersey 男子球衣,"￥1,299",https://store.nike.com/cn/zh_cn/pd/%E5%85%8B%E5%88%A9%E5%A4%AB%E5%85%B0%E9%AA%91%E5%A3%AB%E9%98%9F-icon-edition-authentic-nba-connected-jersey-%E7%94%B7%E5%AD%90%E7%90%83%E8%A1%A3/pid-11817988/pgid-12399095
LeBron Soldier XI SFG EP男子篮球鞋,"￥1,199",https://store.nike.com/cn/zh_cn/pd/lebron-soldier-11-sfg-ep-%E7%94%B7%E5%AD%90%E7%AF%AE%E7%90%83%E9%9E%8B-1gnKDm/pid-11823793/pgid-12412862
LeBron Soldier XI iD篮球鞋,"￥1,299",https://store.nike.com/cn/zh_cn/product/soldier-xi-id/?piid=44099&pbid=375254309
LeBron Soldier XI iD篮球鞋,"￥1,299",https://store.nike.com/cn/zh_cn/product/soldier-xi-id/?piid=44107&pbid=455353021
LeBron Soldier XI iD篮球鞋,"￥1,299",https://store.nike.com/cn/zh_cn/product/soldier-xi-id/?piid=44105&pbid=408073706
LeBron Soldier XI iD篮球鞋,"￥1,299",https://store.nike.com/cn/zh_cn/product/soldier-xi-id/?piid=44106&pbid=255013940
LeBron Soldier XI iD篮球鞋,"￥1,299",https://store.nike.com/cn/zh_cn/product/soldier-xi-id/?piid=44102&pbid=458788909
LeBron Soldier XI iD篮球鞋,"￥1,299",https://store.nike.com/cn/zh_cn/product/soldier-xi-id/?piid=44098&pbid=1026290209
LeBron Soldier XI iD篮球鞋,"￥1,299",https://store.nike.com/cn/zh_cn/product/soldier-xi-id/?piid=44103&pbid=738727637
LeBron Soldier XI iD篮球鞋,"￥1,299",https://store.nike.com/cn/zh_cn/product/soldier-xi-id/?piid=44101&pbid=693032008
LeBron Soldier XI iD篮球鞋,"￥1,299",https://store.nike.com/cn/zh_cn/product/soldier-xi-id/?piid=44104&pbid=235838151
LeBron Soldier XI iD篮球鞋,"￥1,299",https://store.nike.com/cn/zh_cn/product/soldier-xi-id/?piid=44100&pbid=563558084
LeBron Soldier XI iD篮球鞋,"￥1,299",https://store.nike.com/cn/zh_cn/product/soldier-xi-id/?piid=44435&pbid=967563897
Nike Zoom KD10 EP男子篮球鞋,"￥1,299",https://store.nike.com/cn/zh_cn/pd/zoom-kd10-ep-%E7%94%B7%E5%AD%90%E7%AF%AE%E7%90%83%E9%9E%8B-qjxGVC/pid-12020429/pgid-12415759
Kyrie 3 EP男子篮球鞋,￥899,https://store.nike.com/cn/zh_cn/pd/kyrie-3-ep-%E7%94%B7%E5%AD%90%E7%AF%AE%E7%90%83%E9%9E%8B-6sgb0c/pid-11993009/pgid-12412633
金州勇士队 (Stephen Curry) Icon Edition AuthenticNike NBA Connected Jersey 男子球衣,"￥1,299",https://store.nike.com/cn/zh_cn/pd/%E9%87%91%E5%B7%9E%E5%8B%87%E5%A3%AB%E9%98%9F-icon-edition-authentic-nba-connected-jersey-%E7%94%B7%E5%AD%90%E7%90%83%E8%A1%A3/pid-11616625/pgid-12407606
LeBron James All-Star Edition Authentic JerseyJordan NBA Connected Jersey 男子球衣,"￥1,499",https://store.nike.com/cn/zh_cn/pd/lebron-james-all-star-edition-authentic-jersey-jordan-nba-connected-jersey-%E7%94%B7%E5%AD%90%E7%90%83%E8%A1%A3-QZxDFk/pid-12001314/pgid-12416836
Jordan Super.Fly 2017 Low PF男子篮球鞋,"￥1,049",https://store.nike.com/cn/zh_cn/pd/jordan-super-fly-2017-low-pf-%E7%94%B7%E5%AD%90%E7%AF%AE%E7%90%83%E9%9E%8B-B4Kvv1/pid-12028741/pgid-12415707
Air Jordan XXXII BG大童篮球童鞋,"￥1,199",https://store.nike.com/cn/zh_cn/pd/air-jordan-32-bg-%E5%A4%A7%E7%AB%A5%E7%AF%AE%E7%90%83%E7%AB%A5%E9%9E%8B-ERTB4lYK/pid-11893137/pgid-11931080
克利夫兰骑士队 (LeBron James) Statement Edition AuthenticNike NBA Connected Jersey 男子球衣,"￥1,299",https://store.nike.com/cn/zh_cn/pd/%E5%85%8B%E5%88%A9%E5%A4%AB%E5%85%B0%E9%AA%91%E5%A3%AB%E9%98%9F-statement-edition-authentic-jersey-nba-connected-jersey-%E7%94%B7%E5%AD%90%E7%90%83%E8%A1%A3/pid-11881492/pgid-11983520
Kyrie 3 EP男子篮球鞋,￥899,https://store.nike.com/cn/zh_cn/pd/kyrie-3-ep-%E7%94%B7%E5%AD%90%E7%AF%AE%E7%90%83%E9%9E%8B-jnTpMv4e/pid-12020384/pgid-11393222
Kobe Bryant All-Star Edition Authentic JerseyJordan NBA Connected Jersey 男子球衣,"￥1,499",https://store.nike.com/cn/zh_cn/pd/kobe-bryant-all-star-edition-authentic-jersey-jordan-nba-connected-jersey-%E7%94%B7%E5%AD%90%E7%90%83%E8%A1%A3-G9KQxk/pid-12119482/pgid-12416841
Air Jordan 1 RET HI PREM复刻女子运动鞋,"￥1,199",https://store.nike.com/cn/zh_cn/pd/air-jordan-1-ret-hi-prem-%E5%A4%8D%E5%88%BB%E5%A5%B3%E5%AD%90%E8%BF%90%E5%8A%A8%E9%9E%8B-J4gdXK/pid-12264155/pgid-12283206
Apple Watch Nike+ Series 3（GPS + 蜂窝网络）42 毫米跑步手表,"￥3,488",https://store.nike.com/cn/zh_cn/pd/apple-watch-series-3%EF%BC%88gps-%E8%9C%82%E7%AA%9D%E7%BD%91%E7%BB%9C%EF%BC%8942-%E6%AF%AB%E7%B1%B3%E8%B7%91%E6%AD%A5%E6%89%8B%E8%A1%A8/pid-12326384/pgid-12293982
PG 1 EP男子篮球鞋,￥849,https://store.nike.com/cn/zh_cn/pd/pg-1-ep-%E7%94%B7%E5%AD%90%E7%AF%AE%E7%90%83%E9%9E%8B-1NJJWh/pid-11982541/pgid-12412854
Stephen Curry All-Star Edition Authentic Jersey男子 Jordan NBA Connected 球衣,"￥1,499",https://store.nike.com/cn/zh_cn/pd/stephen-curry-all-star-edition-authentic-jersey-jordan-nba-connected-%E7%90%83%E8%A1%A3-mdNw44/pid-12001315/pgid-12416837
PG 1 EP男子篮球鞋,￥849,https://store.nike.com/cn/zh_cn/pd/pg-1-ep-%E7%94%B7%E5%AD%90%E7%AF%AE%E7%90%83%E9%9E%8B-SnVs41/pid-11823694/pgid-12413718
PG 1 EP男子篮球鞋,￥849,https://store.nike.com/cn/zh_cn/pd/pg-1-ep-%E7%94%B7%E5%AD%90%E7%AF%AE%E7%90%83%E9%9E%8B-6DMstj/pid-11936150/pgid-12413706
PG 1 EP男子篮球鞋,￥849,https://store.nike.com/cn/zh_cn/pd/pg-1-ep-%E7%94%B7%E5%AD%90%E7%AF%AE%E7%90%83%E9%9E%8B-Gbc1PV/pid-11982542/pgid-12413767
PG 1 EP男子篮球鞋,￥849,https://store.nike.com/cn/zh_cn/pd/pg-1-ep-%E7%94%B7%E5%AD%90%E7%AF%AE%E7%90%83%E9%9E%8B-4VTnndXX/pid-11823692/pgid-11554318
PG 1 iD篮球鞋,￥949,https://store.nike.com/cn/zh_cn/product/pg1-id/?piid=44143&pbid=336604732
Russell Westbrook All-Star Edition Authentic Jersey男子 Jordan NBA Connected 球衣,"￥1,499",https://store.nike.com/cn/zh_cn/pd/russell-westbrook-all-star-edition-authentic-jersey-jordan-nba-connected-%E7%90%83%E8%A1%A3-kv62T7/pid-12001317/pgid-12416839
Jordan Ultra Fly 2 X男子篮球鞋,"￥1,099",https://store.nike.com/cn/zh_cn/pd/jordan-ultra-fly-2-10-%E7%94%B7%E5%AD%90%E7%AF%AE%E7%90%83%E9%9E%8B-0nTg3q3r/pid-11856660/pgid-11629746
金州勇士队 (Kevin Durant) Icon Edition AuthenticNike NBA Connected Jersey 男子球衣,"￥1,299",https://store.nike.com/cn/zh_cn/pd/%E9%87%91%E5%B7%9E%E5%8B%87%E5%A3%AB%E9%98%9F-icon-edition-authentic-jersey-nba-connected-jersey-%E7%94%B7%E5%AD%90%E7%90%83%E8%A1%A3/pid-11818000/pgid-12399056
Jordan Fly Unlimited PFX男子篮球鞋,￥799,https://store.nike.com/cn/zh_cn/pd/jordan-fly-unlimited-pfx-%E7%94%B7%E5%AD%90%E7%AF%AE%E7%90%83%E9%9E%8B-XBhZTf/pid-11857474/pgid-12413221
Kevin Durant All-Star Edition Authentic JerseyJordan NBA Connected Jersey 男子球衣,"￥1,499",https://store.nike.com/cn/zh_cn/pd/kevin-durant-all-star-edition-authentic-jersey-jordan-nba-connected-jersey-%E7%94%B7%E5%AD%90%E7%90%83%E8%A1%A3-HNh8Lb/pid-12001316/pgid-12416838
波士顿凯尔特人队 (Kyrie Irving) City Edition Authentic JerseyNike NBA Connected Jersey 男子球衣,"￥1,299",https://store.nike.com/cn/zh_cn/pd/%E6%B3%A2%E5%A3%AB%E9%A1%BF%E5%87%AF%E5%B0%94%E7%89%B9%E4%BA%BA%E9%98%9F-city-edition-authentic-jersey-nba-connected-jersey-%E7%94%B7%E5%AD%90%E7%90%83%E8%A1%A3/pid-11954802/pgid-12262847
Kyrie 4 EP男子篮球鞋,￥899,https://store.nike.com/cn/zh_cn/pd/kyrie-4-ep-%E7%94%B7%E5%AD%90%E7%AF%AE%E7%90%83%E9%9E%8B-WyTA40n4/pid-12020365/pgid-12030973
LeBron XV (GS)大童篮球童鞋,"￥1,169",https://store.nike.com/cn/zh_cn/pd/lebron-15-%E5%A4%A7%E7%AB%A5%E7%AF%AE%E7%90%83%E7%AB%A5%E9%9E%8B-yATY0OOe/pid-12259646/pgid-12030765
金州勇士队 (Stephen Curry) Statement Edition AuthenticNike NBA Connected Jersey 男子球衣,"￥1,299",https://store.nike.com/cn/zh_cn/pd/%E9%87%91%E5%B7%9E%E5%8B%87%E5%A3%AB%E9%98%9F-statement-edition-authentic-nba-connected-jersey-%E7%94%B7%E5%AD%90%E7%90%83%E8%A1%A3/pid-11881503/pgid-12415873
Air Jordan XXXII Low BG大童篮球童鞋,￥999,https://store.nike.com/cn/zh_cn/pd/air-jordan-32-low-bg-%E5%A4%A7%E7%AB%A5%E7%AF%AE%E7%90%83%E7%AB%A5%E9%9E%8B-pvTjnlK8/pid-11902874/pgid-11931081
Air Jordan Future BG大童（男孩）运动童鞋,￥899,https://store.nike.com/cn/zh_cn/pd/air-jordan-future-bg-%E5%A4%A7%E7%AB%A5%EF%BC%88-%EF%BC%89%E8%BF%90%E5%8A%A8%E7%AB%A5%E9%9E%8B-CSrL4r/pid-12160191/pgid-12413807
Nike Kyrie男子篮球夹克,￥999,https://store.nike.com/cn/zh_cn/pd/kyrie-%E7%94%B7%E5%AD%90%E7%AF%AE%E7%90%83%E5%A4%B9%E5%85%8B-LFwW4G/pid-11918854/pgid-12413770
Kyrie 4 AS EP男子篮球鞋,￥899,https://store.nike.com/cn/zh_cn/pd/kyrie-4-as-ep-%E7%94%B7%E5%AD%90%E7%AF%AE%E7%90%83%E9%9E%8B-3JChbF/pid-12256719/pgid-12257043
LeBron XV (GS)大童篮球童鞋,"￥1,169",https://store.nike.com/cn/zh_cn/pd/lebron-15-%E5%A4%A7%E7%AB%A5%E7%AF%AE%E7%90%83%E7%AB%A5%E9%9E%8B-LVTCfX/pid-11951532/pgid-12415763
Nike Ambassador X男子篮球鞋,￥999,https://store.nike.com/cn/zh_cn/pd/ambassador-10-%E7%94%B7%E5%AD%90%E7%AF%AE%E7%90%83%E9%9E%8B-0nTgD1EN/pid-11956546/pgid-12185751
波士顿凯尔特人队 (Kyrie Irving) Icon Edition Swingman JerseyNike NBA Connected Jersey 男子球衣,￥599,https://store.nike.com/cn/zh_cn/pd/%E6%B3%A2%E5%A3%AB%E9%A1%BF%E5%87%AF%E5%B0%94%E7%89%B9%E4%BA%BA%E9%98%9F-icon-edition-swingman-jersey-nba-connected-jersey-%E7%94%B7%E5%AD%90%E7%90%83%E8%A1%A3/pid-12086151/pgid-11988505
克利夫兰骑士队 (LeBron James) Icon Edition Swingman JerseyNike NBA Connected Jersey 男子球衣,￥599,https://store.nike.com/cn/zh_cn/pd/%E5%85%8B%E5%88%A9%E5%A4%AB%E5%85%B0%E9%AA%91%E5%A3%AB%E9%98%9F-icon-edition-swingman-jersey-nba-connected-jersey-%E7%94%B7%E5%AD%90%E7%90%83%E8%A1%A3/pid-11813749/pgid-11988508
金州勇士队 (Kevin Durant) City Edition Authentic JerseyNike NBA Connected Jersey 男子球衣,"￥1,299",https://store.nike.com/cn/zh_cn/pd/%E9%87%91%E5%B7%9E%E5%8B%87%E5%A3%AB%E9%98%9F-city-edition-authentic-jersey-nba-connected-jersey-%E7%94%B7%E5%AD%90%E7%90%83%E8%A1%A3/pid-11954832/pgid-12407587
Jordan Fly Unlimited男子篮球鞋,￥799,https://store.nike.com/cn/zh_cn/pd/jordan-fly-unlimited-%E7%94%B7%E5%AD%90%E7%AF%AE%E7%90%83%E9%9E%8B-DqG3kv/pid-12022029/pgid-12415545
Nike Mamba Rage PRM EP男子篮球鞋,￥699,https://store.nike.com/cn/zh_cn/pd/mamba-rage-prm-ep-%E7%94%B7%E5%AD%90%E7%AF%AE%E7%90%83%E9%9E%8B-hTQTfd/pid-12133096/pgid-12415676
Jordan Fly Unlimited PFX男子篮球鞋,￥799,https://store.nike.com/cn/zh_cn/pd/jordan-fly-unlimited-pfx-%E7%94%B7%E5%AD%90%E7%AF%AE%E7%90%83%E9%9E%8B-yATY0kYn/pid-11998011/pgid-12014952
Jordan Wings CNY男子全长拉链开襟连帽衫,￥699,https://store.nike.com/cn/zh_cn/pd/jordan-wings-cny-%E7%94%B7%E5%AD%90%E5%85%A8%E9%95%BF%E6%8B%89%E9%93%BE%E5%BC%80%E8%A5%9F%E8%BF%9E%E5%B8%BD%E8%A1%AB-bRjbnm/pid-12115290/pgid-12186073
Air Jordan First Class男子运动鞋,￥899,https://store.nike.com/cn/zh_cn/pd/air-jordan-first-class-%E7%94%B7%E5%AD%90%E8%BF%90%E5%8A%A8%E9%9E%8B-Q1mGpw/pid-12136680/pgid-12186149
Air Jordan First Class男子运动鞋,￥899,https://store.nike.com/cn/zh_cn/pd/air-jordan-first-class-%E7%94%B7%E5%AD%90%E8%BF%90%E5%8A%A8%E9%9E%8B-VhnRBD/pid-12136650/pgid-12415860
金州勇士队 (Stephen Curry) Icon Edition Swingman JerseyNike NBA Connected Jersey 男子球衣,￥599,https://store.nike.com/cn/zh_cn/pd/%E9%87%91%E5%B7%9E%E5%8B%87%E5%A3%AB%E9%98%9F-icon-edition-swingman-jersey-nba-connected-jersey-%E7%94%B7%E5%AD%90%E7%90%83%E8%A1%A3/pid-11616633/pgid-12407586
Nike Zoom Evidence II EP男子篮球鞋,￥599,https://store.nike.com/cn/zh_cn/pd/zoom-evidence-2-ep-%E7%94%B7%E5%AD%90%E7%AF%AE%E7%90%83%E9%9E%8B-wmXXQg/pid-11978401/pgid-12415259
克利夫兰骑士队 (LeBron James) City Edition Authentic JerseyNike NBA Connected Jersey 男子球衣,"￥1,299",https://store.nike.com/cn/zh_cn/pd/%E5%85%8B%E5%88%A9%E5%A4%AB%E5%85%B0%E9%AA%91%E5%A3%AB%E9%98%9F-city-edition-authentic-jersey-nba-connected-jersey-%E7%94%B7%E5%AD%90%E7%90%83%E8%A1%A3/pid-11954812/pgid-12407552
Nike Mamba Rage PRM EP男子篮球鞋,￥699,https://store.nike.com/cn/zh_cn/pd/mamba-rage-prm-ep-%E7%94%B7%E5%AD%90%E7%AF%AE%E7%90%83%E9%9E%8B-89Tqg7wW/pid-12133098/pgid-12186040
Nike Zoom KD10 (GS)大童篮球童鞋,￥999,https://store.nike.com/cn/zh_cn/pd/zoom-kd10-%E5%A4%A7%E7%AB%A5%E7%AF%AE%E7%90%83%E7%AB%A5%E9%9E%8B-gXTOgby0/pid-12172322/pgid-11865844
Nike Kyrie男子篮球夹克,￥999,https://store.nike.com/cn/zh_cn/pd/kyrie-%E7%94%B7%E5%AD%90%E7%AF%AE%E7%90%83%E5%A4%B9%E5%85%8B-1qTbMGVM/pid-11918856/pgid-12166538
Nike Hoops Elite Max Air Team 2.0篮球双肩包,￥499,https://store.nike.com/cn/zh_cn/pd/hoops-elite-max-air-team-2-%E7%AF%AE%E7%90%83%E5%8F%8C%E8%82%A9%E5%8C%85-1MWXPM/pid-11078245/pgid-12413236
Nike Kyrie Shield男子篮球夹克,￥899,https://store.nike.com/cn/zh_cn/pd/kyrie-shield-%E7%94%B7%E5%AD%90%E7%AF%AE%E7%90%83%E5%A4%B9%E5%85%8B-3zTb1z3j/pid-12059659/pgid-12185740
Nike Therma Flex Showtime男子全长拉链开襟篮球连帽衫,￥849,https://store.nike.com/cn/zh_cn/pd/therma-flex-showtime-%E7%94%B7%E5%AD%90%E5%85%A8%E9%95%BF%E6%8B%89%E9%93%BE%E5%BC%80%E8%A5%9F%E7%AF%AE%E7%90%83%E8%BF%9E%E5%B8%BD%E8%A1%AB-DNTB8y8d/pid-11536807/pgid-11867990
LeBron XV LMTD (GS)大童篮球童鞋,"￥1,169",https://store.nike.com/cn/zh_cn/pd/lebron-15-lmtd-%E5%A4%A7%E7%AB%A5%E7%AF%AE%E7%90%83%E7%AB%A5%E9%9E%8B-8936x8/pid-12088092/pgid-12136763
Nike Hoops Elite Max Air Team (Large)篮球行李包（大号）,￥499,https://store.nike.com/cn/zh_cn/pd/hoops-elite-max-air-team-%E7%AF%AE%E7%90%83%E8%A1%8C%E6%9D%8E%E5%8C%85%EF%BC%88%E5%A4%A7%E5%8F%B7%EF%BC%89-ZwTJEY97/pid-10132330/pgid-12190058
圣安东尼奥马刺队 Kawhi Leonard Icon Edition Swingman JerseyNike NBA Connected Jersey 男子球衣,￥599,https://store.nike.com/cn/zh_cn/pd/%E5%9C%A3%E5%AE%89%E4%B8%9C%E5%B0%BC%E5%A5%A5%E9%A9%AC%E5%88%BA%E9%98%9F-kawhi-leonard-icon-edition-swingman-jersey-nba-connected-jersey-%E7%94%B7%E5%AD%90%E7%90%83%E8%A1%A3/pid-11815939/pgid-12396909
Nike Zoom Live II EP男子篮球鞋,￥699,https://store.nike.com/cn/zh_cn/pd/zoom-live-2-ep-%E7%94%B7%E5%AD%90%E7%AF%AE%E7%90%83%E9%9E%8B-VrTWKeZ4/pid-11950203/pgid-12185392
Air Jordan First Class男子运动鞋,￥899,https://store.nike.com/cn/zh_cn/pd/air-jordan-first-class-%E7%94%B7%E5%AD%90%E8%BF%90%E5%8A%A8%E9%9E%8B-DD8c2m/pid-12136651/pgid-12416000
俄克拉荷马城雷霆队 (Russell Westbrook) City Edition Authentic JerseyNike NBA Connected Jersey 男子球衣,"￥1,299",https://store.nike.com/cn/zh_cn/pd/%E4%BF%84%E5%85%8B%E6%8B%89%E8%8D%B7%E9%A9%AC%E5%9F%8E%E9%9B%B7%E9%9C%86%E9%98%9F-city-edition-authentic-jersey-nba-connected-jersey-%E7%94%B7%E5%AD%90%E7%90%83%E8%A1%A3/pid-12019076/pgid-12185992
密尔沃基雄鹿队 Giannis Antetokounmpo Icon Edition Swingman JerseyNike NBA Connected Jersey 男子球衣,￥599,https://store.nike.com/cn/zh_cn/pd/%E5%AF%86%E5%B0%94%E6%B2%83%E5%9F%BA%E9%9B%84%E9%B9%BF%E9%98%9F-giannis-antetokounmpo-icon-edition-swingman-jersey-nba-connected-jersey-%E7%94%B7%E5%AD%90%E7%90%83%E8%A1%A3/pid-11815870/pgid-12399090
Jordan Super.Fly 2017 BG大童篮球童鞋,￥799,https://store.nike.com/cn/zh_cn/pd/jordan-super-fly-2017-bg-%E5%A4%A7%E7%AB%A5%E7%AF%AE%E7%90%83%E7%AB%A5%E9%9E%8B-Pzl261/pid-11973055/pgid-12415582
Nike Kyrie Shield男子篮球夹克,￥899,https://store.nike.com/cn/zh_cn/pd/kyrie-shield-%E7%94%B7%E5%AD%90%E7%AF%AE%E7%90%83%E5%A4%B9%E5%85%8B-gWbF8l/pid-12059703/pgid-12415806
Nike Dry Showtime Kyrie男子印花全长拉链开襟篮球连帽衫,￥749,https://store.nike.com/cn/zh_cn/pd/dry-showtime-kyrie-%E7%94%B7%E5%AD%90%E5%8D%B0%E8%8A%B1%E5%85%A8%E9%95%BF%E6%8B%89%E9%93%BE%E5%BC%80%E8%A5%9F%E7%AF%AE%E7%90%83%E8%BF%9E%E5%B8%BD%E8%A1%AB-pzbvnS/pid-11918846/pgid-12413769
Nike Dri-FIT Therma Kyrie男子印花篮球长裤,￥599,https://store.nike.com/cn/zh_cn/pd/dri-fit-therma-kyrie-%E7%94%B7%E5%AD%90%E5%8D%B0%E8%8A%B1%E7%AF%AE%E7%90%83%E9%95%BF%E8%A3%A4-FZzRxN/pid-11918861/pgid-12415241
金州勇士队 City Edition Nike Modern男子 NBA 运动夹克,"￥1,099",https://store.nike.com/cn/zh_cn/pd/%E9%87%91%E5%B7%9E%E5%8B%87%E5%A3%AB%E9%98%9F-city-edition-modern-nba-%E8%BF%90%E5%8A%A8%E5%A4%B9%E5%85%8B-gXTOKwO0/pid-12016241/pgid-12136928
休斯顿火箭队 (James Harden) Nike Icon Edition Swingman Jersey男子 NBA 球衣,￥599,https://store.nike.com/cn/zh_cn/pd/%E4%BC%91%E6%96%AF%E9%A1%BF%E7%81%AB%E7%AE%AD%E9%98%9F-icon-edition-swingman-jersey-nba-%E7%90%83%E8%A1%A3/pid-11813789/pgid-11988509
休斯顿火箭队 (James Harden) Nike Icon Edition Swingman Jersey男子 NBA 球衣,￥599,https://store.nike.com/cn/zh_cn/pd/%E4%BC%91%E6%96%AF%E9%A1%BF%E7%81%AB%E7%AE%AD%E9%98%9F-icon-edition-swingman-jersey-nba-%E7%90%83%E8%A1%A3/pid-11813789/pgid-11988509
Jordan Sportswear Wings 1988男子连帽衫,￥649,https://store.nike.com/cn/zh_cn/pd/jordan-sportswear-wings-1988-%E7%94%B7%E5%AD%90%E8%BF%9E%E5%B8%BD%E8%A1%AB-gLblPF/pid-12127203/pgid-12415771
Apple Watch Nike+ Series 3（GPS + 蜂窝网络）38 毫米跑步手表,"￥3,188",https://store.nike.com/cn/zh_cn/pd/apple-watch-series-3%EF%BC%88gps-%E8%9C%82%E7%AA%9D%E7%BD%91%E7%BB%9C%EF%BC%8938-%E6%AF%AB%E7%B1%B3%E8%B7%91%E6%AD%A5%E6%89%8B%E8%A1%A8/pid-12285337/pgid-12292070
Jordan Wings CNY男子圆领上衣,￥599,https://store.nike.com/cn/zh_cn/pd/jordan-wings-cny-%E7%94%B7%E5%AD%90%E5%9C%86%E9%A2%86%E4%B8%8A%E8%A1%A3-MBVlLn/pid-12115291/pgid-12186074
俄克拉荷马城雷霆队 (Russell Westbrook) Nike Icon Edition Swingman JerseyNike NBA Connected Jersey 男子球衣,￥599,https://store.nike.com/cn/zh_cn/pd/%E4%BF%84%E5%85%8B%E6%8B%89%E8%8D%B7%E9%A9%AC%E5%9F%8E%E9%9B%B7%E9%9C%86%E9%98%9F-icon-edition-swingman-jersey-nba-connected-jersey-%E7%94%B7%E5%AD%90%E7%90%83%E8%A1%A3/pid-11815897/pgid-12407676
Nike Dry Kyrie男子连帽衫,￥649,https://store.nike.com/cn/zh_cn/pd/dry-kyrie-%E7%94%B7%E5%AD%90%E8%BF%9E%E5%B8%BD%E8%A1%AB-GPTgnmg3/pid-11918901/pgid-12185323
Apple Watch Nike+ Series 3（GPS + 蜂窝网络）38 毫米跑步手表,"￥3,188",https://store.nike.com/cn/zh_cn/pd/apple-watch-series-3%EF%BC%88gps-%E8%9C%82%E7%AA%9D%E7%BD%91%E7%BB%9C%EF%BC%8938-%E6%AF%AB%E7%B1%B3%E8%B7%91%E6%AD%A5%E6%89%8B%E8%A1%A8/pid-12326383/pgid-12293906
Jordan Sportswear Flight Fleece Air男子连帽衫,￥449,https://store.nike.com/cn/zh_cn/pd/jordan-sportswear-flight-fleece-air-%E7%94%B7%E5%AD%90%E8%BF%9E%E5%B8%BD%E8%A1%AB-nrg42T/pid-11983773/pgid-12415553
Jordan Ultimate Flight男子篮球七分裤,￥599,https://store.nike.com/cn/zh_cn/pd/jordan-ultimate-flight-%E7%94%B7%E5%AD%90%E7%AF%AE%E7%90%83%E4%B8%83%E5%88%86%E8%A3%A4-lkTPLBkL/pid-11534259/pgid-11865707
Nike Therma Flex Showtime男子篮球圆领上衣,￥749,https://store.nike.com/cn/zh_cn/pd/therma-flex-showtime-%E7%94%B7%E5%AD%90%E7%AF%AE%E7%90%83%E5%9C%86%E9%A2%86%E4%B8%8A%E8%A1%A3-0nTglZl3/pid-11538281/pgid-11867992
Nike LeBron Max Air Ambassador双肩包,￥549,https://store.nike.com/cn/zh_cn/pd/lebron-max-air-ambassador-%E5%8F%8C%E8%82%A9%E5%8C%85-FdmW46/pid-11807829/pgid-12413481
金州勇士队 (Klay Thompson) Nike Icon Edition Swingman JerseyNBA Jersey 男子球衣,￥599,https://store.nike.com/cn/zh_cn/pd/%E9%87%91%E5%B7%9E%E5%8B%87%E5%A3%AB%E9%98%9F-icon-edition-swingman-jersey-nba-jersey-%E7%94%B7%E5%AD%90%E7%90%83%E8%A1%A3/pid-11813785/pgid-11988456
Nike HyperStrong Padded篮球膝盖护套（1 对）,￥599,https://store.nike.com/cn/zh_cn/pd/hyperstrong-padded-%E7%AF%AE%E7%90%83%E8%86%9D%E7%9B%96%E6%8A%A4%E5%A5%97%EF%BC%881-%E5%AF%B9%EF%BC%89-xqTPbRRr/pid-11776782/pgid-12030776
All-Star Edition Jordan男子 NBA 夹克,￥899,https://store.nike.com/cn/zh_cn/pd/all-star-edition-jordan-nba-%E5%A4%B9%E5%85%8B-RXgzLR/pid-12027828/pgid-12185999
Nike Ambassador X Kay Yow男子篮球鞋,￥999,https://store.nike.com/cn/zh_cn/pd/ambassador-10-kay-yow-%E7%94%B7%E5%AD%90%E7%AF%AE%E7%90%83%E9%9E%8B-Kn5Mpv/pid-12060016/pgid-12185741
Russell Westbrook All-Star Edition Swingman JerseyJordan NBA Connected Jersey 男子球衣,￥699,https://store.nike.com/cn/zh_cn/pd/russell-westbrook-all-star-edition-swingman-jersey-jordan-nba-connected-jersey-%E7%94%B7%E5%AD%90%E7%90%83%E8%A1%A3-tlthcm/pid-12001346/pgid-12416829
休斯顿火箭队 (James Harden) Statement Edition Swingman JerseyNike NBA Connected Jersey 男子球衣,￥599,https://store.nike.com/cn/zh_cn/pd/%E4%BC%91%E6%96%AF%E9%A1%BF%E7%81%AB%E7%AE%AD%E9%98%9F-statement-edition-swingman-jersey-nba-connected-jersey-%E7%94%B7%E5%AD%90%E7%90%83%E8%A1%A3/pid-11813907/pgid-12399088
Kyrie 4 (TD)婴童运动童鞋,￥499,https://store.nike.com/cn/zh_cn/pd/kyrie-4-%E5%A9%B4%E7%AB%A5%E8%BF%90%E5%8A%A8%E7%AB%A5%E9%9E%8B-fjBzN5/pid-12136039/pgid-12415552
Kyrie Irving All-Star Edition Swingman JerseyJordan NBA Connected Jersey 男子球衣,￥699,https://store.nike.com/cn/zh_cn/pd/kyrie-irving-all-star-edition-swingman-jersey-jordan-nba-connected-jersey-%E7%94%B7%E5%AD%90%E7%90%83%E8%A1%A3-pQSDbj/pid-12001333/pgid-12416815
Jordan Jumpman Air男子起绒长裤,￥449,https://store.nike.com/cn/zh_cn/pd/jordan-jumpman-air-%E7%94%B7%E5%AD%90%E8%B5%B7%E7%BB%92%E9%95%BF%E8%A3%A4-KHvNVq/pid-12059216/pgid-12415589
Nike Dry Showtime Kyrie男子印花全长拉链开襟篮球连帽衫,￥749,https://store.nike.com/cn/zh_cn/pd/dry-showtime-kyrie-%E7%94%B7%E5%AD%90%E5%8D%B0%E8%8A%B1%E5%85%A8%E9%95%BF%E6%8B%89%E9%93%BE%E5%BC%80%E8%A5%9F%E7%AF%AE%E7%90%83%E8%BF%9E%E5%B8%BD%E8%A1%AB-GPTgdvE9/pid-11918849/pgid-12166537
Jordan Ultimate Flight男子篮球长裤,￥599,https://store.nike.com/cn/zh_cn/pd/jordan-ultimate-flight-%E7%94%B7%E5%AD%90%E7%AF%AE%E7%90%83%E9%95%BF%E8%A3%A4-7K83mY/pid-11932360/pgid-12185614
克利夫兰骑士队 (LeBron James) Statement Edition Swingman JerseyNike NBA Connected Jersey 男子球衣,￥599,https://store.nike.com/cn/zh_cn/pd/%E5%85%8B%E5%88%A9%E5%A4%AB%E5%85%B0%E9%AA%91%E5%A3%AB%E9%98%9F-statement-edition-swingman-jersey-nba-connected-jersey-%E7%94%B7%E5%AD%90%E7%90%83%E8%A1%A3/pid-11813887/pgid-12399085
"Jordan ""City of Flight"" MA-1幼童夹克",￥699,https://store.nike.com/cn/zh_cn/pd/jordan-city-of-flight-ma-1-%E5%B9%BC%E7%AB%A5%E5%A4%B9%E5%85%8B-wPO2pD/pid-12189307/pgid-12291929
Jordan Flight男子篮球短裤,￥249,https://store.nike.com/cn/zh_cn/pd/jordan-flight-%E7%94%B7%E5%AD%90%E7%AF%AE%E7%90%83%E7%9F%AD%E8%A3%A4-9R160C/pid-11838169/pgid-12397218
俄克拉荷马城雷霆队 (Russell Westbrook) Statement Edition Swingman JerseyNike NBA Connected Jersey 男子球衣,￥599,https://store.nike.com/cn/zh_cn/pd/%E4%BF%84%E5%85%8B%E6%8B%89%E8%8D%B7%E9%A9%AC%E5%9F%8E%E9%9B%B7%E9%9C%86%E9%98%9F-statement-edition-swingman-jersey-nba-connected-jersey-%E7%94%B7%E5%AD%90%E7%90%83%E8%A1%A3/pid-11816220/pgid-12399094
Jordan Sportswear Flight Fleece Air男子连帽衫,￥449,https://store.nike.com/cn/zh_cn/pd/jordan-sportswear-flight-fleece-air-%E7%94%B7%E5%AD%90%E8%BF%9E%E5%B8%BD%E8%A1%AB-gXTO9yOq/pid-11983774/pgid-12014977
俄克拉荷马城雷霆队 (Paul George) Icon Edition Swingman JerseyNike NBA Connected Jersey 男子球衣,￥599,https://store.nike.com/cn/zh_cn/pd/%E4%BF%84%E5%85%8B%E6%8B%89%E8%8D%B7%E9%A9%AC%E5%9F%8E%E9%9B%B7%E9%9C%86%E9%98%9F-icon-edition-swingman-jersey-nba-connected-jersey-%E7%94%B7%E5%AD%90%E7%90%83%E8%A1%A3/pid-11815903/pgid-11988515
多伦多猛龙队 (DeMar DeRozan) Icon Edition Swingman JerseyNike NBA Connected Jersey 男子球衣,￥599,https://store.nike.com/cn/zh_cn/pd/%E5%A4%9A%E4%BC%A6%E5%A4%9A%E7%8C%9B%E9%BE%99%E9%98%9F-icon-edition-swingman-jersey-nba-connected-jersey-%E7%94%B7%E5%AD%90%E7%90%83%E8%A1%A3/pid-11815950/pgid-11988518
Jordan Sportswear Wings 1988男子短袖上衣,￥549,https://store.nike.com/cn/zh_cn/pd/jordan-sportswear-wings-1988-%E7%94%B7%E5%AD%90%E7%9F%AD%E8%A2%96%E4%B8%8A%E8%A1%A3-9NVly3/pid-12127287/pgid-12186035
LeBron XV (PS)幼童运动童鞋,￥599,https://store.nike.com/cn/zh_cn/pd/lebron-15-%E5%B9%BC%E7%AB%A5%E8%BF%90%E5%8A%A8%E7%AB%A5%E9%9E%8B-gXTO9Kby/pid-12259647/pgid-12030878
Air Jordan 1 Retro Low NS复刻女子运动鞋,￥899,https://store.nike.com/cn/zh_cn/pd/air-jordan-1-retro-low-ns-%E5%A4%8D%E5%88%BB%E5%A5%B3%E5%AD%90%E8%BF%90%E5%8A%A8%E9%9E%8B-YPTAG1bd/pid-12117568/pgid-12263951
布鲁克林篮网队 (Jeremy Lin) Icon Edition Swingman JerseyNike NBA Connected Jersey 男子球衣,￥599,https://store.nike.com/cn/zh_cn/pd/%E5%B8%83%E9%B2%81%E5%85%8B%E6%9E%97%E7%AF%AE%E7%BD%91%E9%98%9F-icon-edition-swingman-jersey-nba-connected-jersey-%E7%94%B7%E5%AD%90%E7%90%83%E8%A1%A3/pid-11813718/pgid-11988504
金州勇士队 (Stephen Curry) Statement Edition SwingmanNike NBA Connected Jersey 男子球衣,￥599,https://store.nike.com/cn/zh_cn/pd/%E9%87%91%E5%B7%9E%E5%8B%87%E5%A3%AB%E9%98%9F-statement-edition-swingman-jersey-nba-connected-jersey-%E7%94%B7%E5%AD%90%E7%90%83%E8%A1%A3/pid-11616662/pgid-12413716
克利夫兰骑士队 Nike Dry男子 NBA T恤,￥299,https://store.nike.com/cn/zh_cn/pd/%E5%85%8B%E5%88%A9%E5%A4%AB%E5%85%B0%E9%AA%91%E5%A3%AB%E9%98%9F-dry-nba-t%E6%81%A4-NwTznwl9/pid-11940551/pgid-11988552
Nike Hyper Elite 8P篮球,￥599,https://store.nike.com/cn/zh_cn/pd/hyper-elite-8p-%E7%AF%AE%E7%90%83-rJTGmVXz/pid-11807869/pgid-12030808
"Jordan Sportswear Wings ""City of Flight""男子套头连帽衫",￥599,https://store.nike.com/cn/zh_cn/pd/jordan-sportswear-wings-city-of-flight-%E7%94%B7%E5%AD%90%E5%A5%97%E5%A4%B4%E8%BF%9E%E5%B8%BD%E8%A1%AB-ERTBdl4v/pid-11925341/pgid-12185556
Nike Dri-FIT Therma Kyrie男子印花篮球长裤,￥599,https://store.nike.com/cn/zh_cn/pd/dri-fit-therma-kyrie-%E7%94%B7%E5%AD%90%E5%8D%B0%E8%8A%B1%E7%AF%AE%E7%90%83%E9%95%BF%E8%A3%A4-AKTde8V1/pid-11918863/pgid-12166539
Jordan Ultimate Flight男子篮球夹克,￥799,https://store.nike.com/cn/zh_cn/pd/jordan-ultimate-flight-%E7%94%B7%E5%AD%90%E7%AF%AE%E7%90%83%E5%A4%B9%E5%85%8B-jrKn4e/pid-11932354/pgid-12185613
Jordan Flight男子长袖篮球上衣,￥399,https://store.nike.com/cn/zh_cn/pd/jordan-flight-%E7%94%B7%E5%AD%90%E9%95%BF%E8%A2%96%E7%AF%AE%E7%90%83%E4%B8%8A%E8%A1%A3-LBTglee8/pid-11778117/pgid-12030782
Kevin Durant All-Star Edition Swingman JerseyJordan NBA Connected Jersey 男子球衣,￥699,https://store.nike.com/cn/zh_cn/pd/kevin-durant-all-star-edition-swingman-jersey-jordan-nba-connected-jersey-%E7%94%B7%E5%AD%90%E7%90%83%E8%A1%A3-rB1ZCG/pid-12001345/pgid-12416828
金州勇士队 (Stephen Curry) City Edition Swingman JerseyNike NBA Connected Jersey 男子球衣,￥599,https://store.nike.com/cn/zh_cn/pd/%E9%87%91%E5%B7%9E%E5%8B%87%E5%A3%AB%E9%98%9F-city-edition-swingman-jersey-nba-connected-jersey-%E7%94%B7%E5%AD%90%E7%90%83%E8%A1%A3/pid-11972845/pgid-12407547
Jordan Wings Essentials男子长袖圆领上衣,￥549,https://store.nike.com/cn/zh_cn/pd/jordan-wings-essentials-%E7%94%B7%E5%AD%90%E9%95%BF%E8%A2%96%E5%9C%86%E9%A2%86%E4%B8%8A%E8%A1%A3-gX6JXH/pid-11762556/pgid-12413835
All-Star Edition Nike Therma Flex Showtime男子 NBA 连帽衫,￥999,https://store.nike.com/cn/zh_cn/pd/all-star-edition-therma-flex-showtime-nba-%E8%BF%9E%E5%B8%BD%E8%A1%AB-b1yNKj/pid-12016684/pgid-12185986
Nike Dry Kyrie男子连帽衫,￥649,https://store.nike.com/cn/zh_cn/pd/dry-kyrie-%E7%94%B7%E5%AD%90%E8%BF%9E%E5%B8%BD%E8%A1%AB-06lqFG/pid-11918900/pgid-12416048
明尼苏达森林狼队 (Jimmy Butler) Icon Edition Swingman JerseyNike NBA Connected Jersey 男子球衣,￥599,https://store.nike.com/cn/zh_cn/pd/%E6%98%8E%E5%B0%BC%E8%8B%8F%E8%BE%BE%E6%A3%AE%E6%9E%97%E7%8B%BC%E9%98%9F-icon-edition-swingman-jersey-nba-connected-jersey-%E7%94%B7%E5%AD%90%E7%90%83%E8%A1%A3/pid-12049707/pgid-12191532
Jordan Sportswear Wings Windbreaker男子夹克,￥699,https://store.nike.com/cn/zh_cn/pd/jordan-sportswear-wings-windbreaker-%E7%94%B7%E5%AD%90%E5%A4%B9%E5%85%8B-89TqJYMK/pid-11924708/pgid-12058780
新奥尔良鹈鹕队 (DeMarcus Cousins) Icon Edition Swingman JerseyNike NBA Connected Jersey 男子球衣,￥599,https://store.nike.com/cn/zh_cn/pd/%E6%96%B0%E5%A5%A5%E5%B0%94%E8%89%AF%E9%B9%88%E9%B9%95%E9%98%9F-icon-edition-swingman-jersey-nba-connected-jersey-%E7%94%B7%E5%AD%90%E7%90%83%E8%A1%A3/pid-11955795/pgid-11988513
波士顿凯尔特人队 Nike Dry男子 NBA T恤,￥299,https://store.nike.com/cn/zh_cn/pd/%E6%B3%A2%E5%A3%AB%E9%A1%BF%E5%87%AF%E5%B0%94%E7%89%B9%E4%BA%BA%E9%98%9F-dry-nba-t%E6%81%A4-m9Vxvw/pid-12261630/pgid-12413744
Jordan AS Icon Edition Swingman男子 NBA 短裤,￥549,https://store.nike.com/cn/zh_cn/pd/jordan-as-icon-edition-swingman-nba-%E7%9F%AD%E8%A3%A4-apxDmG/pid-12018866/pgid-12185989
Jordan Flight Reversible男子篮球背心,￥269,https://store.nike.com/cn/zh_cn/pd/jordan-flight-reversible-%E7%94%B7%E5%AD%90%E7%AF%AE%E7%90%83%E8%83%8C%E5%BF%83-tRhL7C/pid-11838157/pgid-12397216
Jordan Wings Essentials男子长袖圆领上衣,￥549,https://store.nike.com/cn/zh_cn/pd/jordan-wings-essentials-%E7%94%B7%E5%AD%90%E9%95%BF%E8%A2%96%E5%9C%86%E9%A2%86%E4%B8%8A%E8%A1%A3-wz9oZg/pid-11923180/pgid-12185273
休斯顿火箭队 (Zhou Qi) Icon Edition Swingman JerseyNike NBA Connected Jersey 男子球衣,￥599,https://store.nike.com/cn/zh_cn/pd/%E4%BC%91%E6%96%AF%E9%A1%BF%E7%81%AB%E7%AE%AD%E9%98%9F-icon-edition-swingman-jersey-nba-connected-jersey-%E7%94%B7%E5%AD%90%E7%90%83%E8%A1%A3/pid-11813795/pgid-12399083
Nike Hoops Elite Basketball健身包,￥149,https://store.nike.com/cn/zh_cn/pd/hoops-elite-basketball-%E5%81%A5%E8%BA%AB%E5%8C%85-mBbxq8/pid-11164275/pgid-12413256
克利夫兰骑士队 Nike Dry Showtime男子 NBA 连帽衫,￥699,https://store.nike.com/cn/zh_cn/pd/%E5%85%8B%E5%88%A9%E5%A4%AB%E5%85%B0%E9%AA%91%E5%A3%AB%E9%98%9F-dry-showtime-nba-%E8%BF%9E%E5%B8%BD%E8%A1%AB-AKTd4pAn/pid-11762949/pgid-11979039
Jordan Jumpman头带（1 条）,￥119,https://store.nike.com/cn/zh_cn/pd/jordan-jumpman-%E5%A4%B4%E5%B8%A6%EF%BC%881-%E6%9D%A1%EF%BC%89-pvTjMRB8/pid-11355898/pgid-12037693
LeBron James All-Star Edition Swingman JerseyJordan NBA Connected Jersey 男子球衣,￥699,https://store.nike.com/cn/zh_cn/pd/lebron-james-all-star-edition-swingman-jersey-jordan-nba-connected-jersey-%E7%94%B7%E5%AD%90%E7%90%83%E8%A1%A3-50WDkG/pid-12001329/pgid-12416814
Nike Dri-FIT男子长袖篮球T恤,￥299,https://store.nike.com/cn/zh_cn/pd/dri-fit-%E7%94%B7%E5%AD%90%E9%95%BF%E8%A2%96%E7%AF%AE%E7%90%83t%E6%81%A4-gXTOKW1J/pid-12060380/pgid-12133898
Nike Therma男子全长拉链开襟篮球连帽衫,￥649,https://store.nike.com/cn/zh_cn/pd/therma-%E7%94%B7%E5%AD%90%E5%85%A8%E9%95%BF%E6%8B%89%E9%93%BE%E5%BC%80%E8%A5%9F%E7%AF%AE%E7%90%83%E8%BF%9E%E5%B8%BD%E8%A1%AB-z3TldqMR/pid-11884395/pgid-12014842
金州勇士队 (Kevin Durant) City Edition Swingman JerseyNike NBA Jersey 男子球衣,￥599,https://store.nike.com/cn/zh_cn/pd/%E9%87%91%E5%B7%9E%E5%8B%87%E5%A3%AB%E9%98%9F-city-edition-swingman-jersey-nba-jersey-%E7%94%B7%E5%AD%90%E7%90%83%E8%A1%A3/pid-11972846/pgid-12136912
Jordan Jumpman Air男子起绒长裤,￥449,https://store.nike.com/cn/zh_cn/pd/jordan-jumpman-air-%E7%94%B7%E5%AD%90%E8%B5%B7%E7%BB%92%E9%95%BF%E8%A3%A4-OWzN7q/pid-11925297/pgid-12185553
克利夫兰骑士队 (LeBron James) City Edition Swingman JerseyNike NBA Jersey 男子球衣,￥599,https://store.nike.com/cn/zh_cn/pd/%E5%85%8B%E5%88%A9%E5%A4%AB%E5%85%B0%E9%AA%91%E5%A3%AB%E9%98%9F-city-edition-swingman-jersey-nba-jersey-%E7%94%B7%E5%AD%90%E7%90%83%E8%A1%A3/pid-11972830/pgid-12136911
华盛顿奇才队 (John Wall) Icon Edition Swingman JerseyNike NBA Connected Jersey 男子球衣,￥599,https://store.nike.com/cn/zh_cn/pd/%E5%8D%8E%E7%9B%9B%E9%A1%BF%E5%A5%87%E6%89%8D%E9%98%9F-icon-edition-swingman-jersey-nba-connected-jersey-%E7%94%B7%E5%AD%90%E7%90%83%E8%A1%A3/pid-11815963/pgid-12399093
波士顿凯尔特人队 (Kyrie Irving) Statement Edition Swingman JerseyNike NBA Connected Jersey 男子球衣,￥599,https://store.nike.com/cn/zh_cn/pd/%E6%B3%A2%E5%A3%AB%E9%A1%BF%E5%87%AF%E5%B0%94%E7%89%B9%E4%BA%BA%E9%98%9F-statement-edition-swingman-jersey-nba-connected-jersey-%E7%94%B7%E5%AD%90%E7%90%83%E8%A1%A3/pid-12086345/pgid-12261091
All-Star Edition Jordan男子 NBA 中长裤,￥699,https://store.nike.com/cn/zh_cn/pd/all-star-edition-jordan-nba-%E4%B8%AD%E9%95%BF%E8%A3%A4-r4po7W/pid-12027826/pgid-12185998
Nike LeBron Max Air Ambassador双肩包,￥549,https://store.nike.com/cn/zh_cn/pd/lebron-max-air-ambassador-%E5%8F%8C%E8%82%A9%E5%8C%85-olTWLybB/pid-11807830/pgid-12030807
Jordan Air Jumpman男子长袖篮球T恤,￥299,https://store.nike.com/cn/zh_cn/pd/jordan-air-jumpman-%E7%94%B7%E5%AD%90%E9%95%BF%E8%A2%96%E7%AF%AE%E7%90%83t%E6%81%A4-JCjG0n/pid-12018708/pgid-12412853
Jordan CNY男子篮球T恤,￥299,https://store.nike.com/cn/zh_cn/pd/jordan-cny-%E7%94%B7%E5%AD%90%E7%AF%AE%E7%90%83t%E6%81%A4-bGO9yk/pid-12115288/pgid-12186072
Nike Therma男子篮球长裤,￥499,https://store.nike.com/cn/zh_cn/pd/therma-%E7%94%B7%E5%AD%90%E7%AF%AE%E7%90%83%E9%95%BF%E8%A3%A4-moTBd228/pid-11884396/pgid-12185276
休斯顿火箭队 (James Harden) City Edition Swingman JerseyNike NBA Connected Jersey 男子球衣,￥599,https://store.nike.com/cn/zh_cn/pd/%E4%BC%91%E6%96%AF%E9%A1%BF%E7%81%AB%E7%AE%AD%E9%98%9F-city-edition-swingman-jersey-nba-connected-jersey-%E7%94%B7%E5%AD%90%E7%90%83%E8%A1%A3/pid-11972850/pgid-12136913
Nike Dri-FIT Elite大童（男孩）篮球短裤,￥199,https://store.nike.com/cn/zh_cn/pd/dri-fit-elite-%E5%A4%A7%E7%AB%A5%EF%BC%88-%EF%BC%89%E7%AF%AE%E7%90%83%E7%9F%AD%E8%A3%A4-f5VP3P/pid-11200920/pgid-12379093
波特兰开拓者队 (Damian Lillard) Icon Edition Swingman JerseyNike NBA Connected Jersey 男子球衣,￥599,https://store.nike.com/cn/zh_cn/pd/%E6%B3%A2%E7%89%B9%E5%85%B0%E5%BC%80%E6%8B%93%E8%80%85%E9%98%9F-icon-edition-swingman-jersey-nba-connected-jersey-%E7%94%B7%E5%AD%90%E7%90%83%E8%A1%A3/pid-11815924/pgid-11988516
Jordan Rise男子篮球短裤,￥299,https://store.nike.com/cn/zh_cn/pd/jordan-rise-%E7%94%B7%E5%AD%90%E7%AF%AE%E7%90%83%E7%9F%AD%E8%A3%A4-JwRTLH/pid-11956071/pgid-12414951
Jordan Jumpman护腕（1 对）,￥129,https://store.nike.com/cn/zh_cn/pd/jordan-jumpman-%E6%8A%A4%E8%85%95%EF%BC%881-%E5%AF%B9%EF%BC%89-93trwd/pid-11360702/pgid-12413225
金州勇士队 (Kevin Durant) Nike Dry男子 NBA T恤,￥299,https://store.nike.com/cn/zh_cn/pd/%E9%87%91%E5%B7%9E%E5%8B%87%E5%A3%AB%E9%98%9F-dry-nba-t%E6%81%A4-1qTb0P8z/pid-11855611/pgid-11988532
金州勇士队 Nike Therma男子 NBA 连帽衫,￥549,https://store.nike.com/cn/zh_cn/pd/%E9%87%91%E5%B7%9E%E5%8B%87%E5%A3%AB%E9%98%9F-therma-nba-%E8%BF%9E%E5%B8%BD%E8%A1%AB-gXTOGyLN/pid-11616567/pgid-12185263
波士顿凯尔特人队 (Kyrie Irving) City Edition Swingman JerseyNike NBA Jersey 男子球衣,￥599,https://store.nike.com/cn/zh_cn/pd/%E6%B3%A2%E5%A3%AB%E9%A1%BF%E5%87%AF%E5%B0%94%E7%89%B9%E4%BA%BA%E9%98%9F-city-edition-swingman-jersey-nba-jersey-%E7%94%B7%E5%AD%90%E7%90%83%E8%A1%A3/pid-12128115/pgid-12407549
Nike Dri-FIT Elite Kyrie男子印花篮球短裤,￥349,https://store.nike.com/cn/zh_cn/pd/dri-fit-elite-kyrie-%E7%94%B7%E5%AD%90%E5%8D%B0%E8%8A%B1%E7%AF%AE%E7%90%83%E7%9F%AD%E8%A3%A4-gjWDLF/pid-11919005/pgid-12415243
Nike Therma男子篮球长裤,￥499,https://store.nike.com/cn/zh_cn/pd/therma-%E7%94%B7%E5%AD%90%E7%AF%AE%E7%90%83%E9%95%BF%E8%A3%A4-MD0rm1/pid-11766524/pgid-12415752
Jordan Sportswear 1988 Dunk男子T恤,￥259,https://store.nike.com/cn/zh_cn/pd/jordan-sportswear-1988-dunk-%E7%94%B7%E5%AD%90t%E6%81%A4-vGEW2x/pid-12127255/pgid-12186034
Nike Therma男子全长拉链开襟篮球连帽衫,￥649,https://store.nike.com/cn/zh_cn/pd/therma-%E7%94%B7%E5%AD%90%E5%85%A8%E9%95%BF%E6%8B%89%E9%93%BE%E5%BC%80%E8%A5%9F%E7%AF%AE%E7%90%83%E8%BF%9E%E5%B8%BD%E8%A1%AB-FFNg33/pid-11763783/pgid-12413762
圣安东尼奥马刺队 (Kawhi Leonard) Nike Dry男子 NBA T恤,￥299,https://store.nike.com/cn/zh_cn/pd/%E5%9C%A3%E5%AE%89%E4%B8%9C%E5%B0%BC%E5%A5%A5%E9%A9%AC%E5%88%BA%E9%98%9F-dry-nba-t%E6%81%A4-Gx0BDA/pid-11855708/pgid-12224315
Nike Dri-FIT Showtime女子篮球长裤,￥499,https://store.nike.com/cn/zh_cn/pd/dri-fit-showtime-%E5%A5%B3%E5%AD%90%E7%AF%AE%E7%90%83%E9%95%BF%E8%A3%A4-9KTd1AzV/pid-11519374/pgid-11867972
Jordan Shooter篮球护臂（1 对）,￥239,https://store.nike.com/cn/zh_cn/pd/jordan-shooter-%E7%AF%AE%E7%90%83%E6%8A%A4%E8%87%82%EF%BC%881-%E5%AF%B9%EF%BC%89-NwTzjWzG/pid-11662779/pgid-11865894
洛杉矶湖人队 Nike Dry Showtime男子 NBA 连帽衫,￥699,https://store.nike.com/cn/zh_cn/pd/%E6%B4%9B%E6%9D%89%E7%9F%B6%E6%B9%96%E4%BA%BA%E9%98%9F-dry-showtime-nba-%E8%BF%9E%E5%B8%BD%E8%A1%AB-lkTP4vdx/pid-11762982/pgid-11988466
俄克拉荷马城雷霆队 Nike Dry男子 NBA T恤,￥299,https://store.nike.com/cn/zh_cn/pd/%E4%BF%84%E5%85%8B%E6%8B%89%E8%8D%B7%E9%A9%AC%E5%9F%8E%E9%9B%B7%E9%9C%86%E9%98%9F-dry-nba-t%E6%81%A4-WWOXGK/pid-11940556/pgid-12241520
Jordan Ultimate Flight男子篮球短裤,￥399,https://store.nike.com/cn/zh_cn/pd/jordan-ultimate-flight-%E7%94%B7%E5%AD%90%E7%AF%AE%E7%90%83%E7%9F%AD%E8%A3%A4-whKqwD/pid-11956061/pgid-12414948
Jordan Hyper Grip 4P篮球（7 号）,￥449,https://store.nike.com/cn/zh_cn/pd/jordan-hyper-grip-4p-%E7%AF%AE%E7%90%83%EF%BC%887-%E5%8F%B7%EF%BC%89-1jZB3W/pid-11673861/pgid-12051127
Jordan AS Icon Edition Swingman男子 NBA 短裤,￥549,https://store.nike.com/cn/zh_cn/pd/jordan-as-icon-edition-swingman-nba-%E7%9F%AD%E8%A3%A4-kq2RMm/pid-12018979/pgid-12185991
Jordan 23 Alpha男子长袖篮球上衣,￥399,https://store.nike.com/cn/zh_cn/pd/jordan-23-alpha-%E7%94%B7%E5%AD%90%E9%95%BF%E8%A2%96%E7%AF%AE%E7%90%83%E4%B8%8A%E8%A1%A3-tVMrBG/pid-11949421/pgid-12415766
Jordan 23男子篮球T恤,￥249,https://store.nike.com/cn/zh_cn/pd/jordan-23-%E7%94%B7%E5%AD%90%E7%AF%AE%E7%90%83t%E6%81%A4-LpFglX/pid-11948674/pgid-12413207
Nike Hyper Elite 8P篮球（7 号）,￥589,https://store.nike.com/cn/zh_cn/pd/hyper-elite-8p-%E7%AF%AE%E7%90%83%EF%BC%887-%E5%8F%B7%EF%BC%89-l2NLNw/pid-11673858/pgid-12190185
Jordan Legacy 8P篮球（7 号）,￥329,https://store.nike.com/cn/zh_cn/pd/jordan-legacy-8p-%E7%AF%AE%E7%90%83%EF%BC%887-%E5%8F%B7%EF%BC%89-pvTjMzeo/pid-11673859/pgid-12051126
休斯顿火箭队 Nike Therma男子 NBA 连帽衫,￥549,https://store.nike.com/cn/zh_cn/pd/%E4%BC%91%E6%96%AF%E9%A1%BF%E7%81%AB%E7%AE%AD%E9%98%9F-therma-nba-%E8%BF%9E%E5%B8%BD%E8%A1%AB-bkTvnddw/pid-11767006/pgid-12185278
Kyrie篮球双肩包,￥499,https://store.nike.com/cn/zh_cn/pd/kyrie-%E7%AF%AE%E7%90%83%E5%8F%8C%E8%82%A9%E5%8C%85-v2TEYd9L/pid-11931423/pgid-12185599
LeBron XV (TD)婴童运动童鞋,￥499,https://store.nike.com/cn/zh_cn/pd/lebron-15-%E5%A9%B4%E7%AB%A5%E8%BF%90%E5%8A%A8%E7%AB%A5%E9%9E%8B-xqTPbRXN/pid-12259645/pgid-12030877
洛杉矶湖人队 Nike Therma男子 NBA 连帽衫,￥549,https://store.nike.com/cn/zh_cn/pd/%E6%B4%9B%E6%9D%89%E7%9F%B6%E6%B9%96%E4%BA%BA%E9%98%9F-therma-nba-%E7%94%B7%E5%AD%90%E8%BF%9E%E5%B8%BD%E8%A1%AB-GPTgnmm3/pid-11767022/pgid-12185279
Stephen Curry All-Star Edition Swingman JerseyJordan NBA Connected Jersey 男子球衣,￥699,https://store.nike.com/cn/zh_cn/pd/stephen-curry-all-star-edition-swingman-jersey-jordan-nba-connected-jersey-%E7%94%B7%E5%AD%90%E7%90%83%E8%A1%A3-4flcHz/pid-12001344/pgid-12416827
金州勇士队 (Klay Thompson) City Edition Swingman JerseyNike NBA Jersey 男子球衣,￥599,https://store.nike.com/cn/zh_cn/pd/%E9%87%91%E5%B7%9E%E5%8B%87%E5%A3%AB%E9%98%9F-city-edition-swingman-jersey-nba-jersey-%E7%94%B7%E5%AD%90%E7%90%83%E8%A1%A3/pid-11972847/pgid-12407584
俄克拉荷马城雷霆队 (Paul George) City Edition Swingman JerseyNike NBA Jersey 男子球衣,￥599,https://store.nike.com/cn/zh_cn/pd/%E4%BF%84%E5%85%8B%E6%8B%89%E8%8D%B7%E9%A9%AC%E5%9F%8E%E9%9B%B7%E9%9C%86%E9%98%9F-city-edition-swingman-jersey-nba-jersey-%E7%94%B7%E5%AD%90%E7%90%83%E8%A1%A3/pid-12020450/pgid-12407548
休斯顿火箭队 Nike Dry Showtime男子 NBA 连帽衫,￥699,https://store.nike.com/cn/zh_cn/pd/%E4%BC%91%E6%96%AF%E9%A1%BF%E7%81%AB%E7%AE%AD%E9%98%9F-dry-showtime-nba-%E8%BF%9E%E5%B8%BD%E8%A1%AB-dPT0KBr4/pid-11762967/pgid-11979040
Jordan Sportswear AJ 10男子T恤,￥299,https://store.nike.com/cn/zh_cn/pd/jordan-sportswear-aj-10-%E7%94%B7%E5%AD%90t%E6%81%A4-0nTgD1Pw/pid-12080287/pgid-12186054
金州勇士队 Nike Modern男子 NBA 长裤,￥549,https://store.nike.com/cn/zh_cn/pd/%E9%87%91%E5%B7%9E%E5%8B%87%E5%A3%AB%E9%98%9F-modern-nba-%E9%95%BF%E8%A3%A4-WyTAXOzK/pid-11616599/pgid-11988452
Jordan Dri-FIT 23 Alpha男子训练紧身裤,￥299,https://store.nike.com/cn/zh_cn/pd/jordan-dri-fit-23-alpha-%E7%94%B7%E5%AD%90%E8%AE%AD%E7%BB%83%E7%B4%A7%E8%BA%AB%E8%A3%A4-43Ge11/pid-12056701/pgid-12185731
Nike Elite Quick CrewNBA 运动袜（1 双）,￥99,https://store.nike.com/cn/zh_cn/pd/elite-quick-crew-nba-%E8%BF%90%E5%8A%A8%E8%A2%9C%EF%BC%881-%E5%8F%8C%EF%BC%89-z3TlDkNe/pid-11808572/pgid-11988481
Jordan Ultimate Flight男子篮球短裤,￥399,https://store.nike.com/cn/zh_cn/pd/jordan-ultimate-flight-%E7%94%B7%E5%AD%90%E7%AF%AE%E7%90%83%E7%9F%AD%E8%A3%A4-LBTgK9lz/pid-11968804/pgid-12185615
Nike Hyperstrong Padded篮球肘部护套（1 只）,￥299,https://store.nike.com/cn/zh_cn/pd/hyperstrong-padded-%E7%AF%AE%E7%90%83%E8%82%98%E9%83%A8%E6%8A%A4%E5%A5%97%EF%BC%881-%E5%8F%AA%EF%BC%89-lbnlJV/pid-11776781/pgid-12292876
芝加哥公牛队 Nike男子 NBA 起绒连帽衫,￥499,https://store.nike.com/cn/zh_cn/pd/%E8%8A%9D%E5%8A%A0%E5%93%A5%E5%85%AC%E7%89%9B%E9%98%9F-nba-%E8%B5%B7%E7%BB%92%E8%BF%9E%E5%B8%BD%E8%A1%AB-w8ToYDDr/pid-11768653/pgid-12185284
"Jordan Sportswear AJ 3 ""Do You Know?""男子长袖T恤",￥299,https://store.nike.com/cn/zh_cn/pd/jordan-sportswear-aj-3-do-you-know-%E7%94%B7%E5%AD%90%E9%95%BF%E8%A2%96t%E6%81%A4-rxAw4l/pid-12004303/pgid-12060704
Jordan Ultimate Flight Performance男子长袖篮球上衣,￥399,https://store.nike.com/cn/zh_cn/pd/jordan-ultimate-flight-performance-%E7%94%B7%E5%AD%90%E9%95%BF%E8%A2%96%E7%AF%AE%E7%90%83%E4%B8%8A%E8%A1%A3-lkTPXNYq/pid-11932592/pgid-12185618
Nike True Grip Outdoor 8P篮球,￥239,https://store.nike.com/cn/zh_cn/pd/true-grip-outdoor-8p-%E7%AF%AE%E7%90%83-JkTG4Eyr/pid-11674904/pgid-12030643
金州勇士队 (Stephen Curry) Icon Edition Swingman JerseyNike NBA Connected Jersey 女子球衣,￥599,https://store.nike.com/cn/zh_cn/pd/%E9%87%91%E5%B7%9E%E5%8B%87%E5%A3%AB%E9%98%9F-icon-edition-swingman-nba-connected-jersey-%E5%A5%B3%E5%AD%90%E7%90%83%E8%A1%A3/pid-11660301/pgid-11988464
Jordan Sportswear AJ 10 23/45男子长袖T恤,￥329,https://store.nike.com/cn/zh_cn/pd/jordan-sportswear-aj-10-23-45-%E7%94%B7%E5%AD%90%E9%95%BF%E8%A2%96t%E6%81%A4-DNTBAdmm/pid-12132581/pgid-12186039
Nike LeBron All Courts 4P篮球（7 号）,￥309,https://store.nike.com/cn/zh_cn/pd/lebron-all-courts-4p-%E7%AF%AE%E7%90%83%EF%BC%887-%E5%8F%B7%EF%BC%89-WyTA001M/pid-11674894/pgid-12115712
Jordan Ultimate Flight Performance男子长袖篮球上衣,￥399,https://store.nike.com/cn/zh_cn/pd/jordan-ultimate-flight-performance-%E7%94%B7%E5%AD%90%E9%95%BF%E8%A2%96%E7%AF%AE%E7%90%83%E4%B8%8A%E8%A1%A3-sfJXK3/pid-11956124/pgid-12415457
克利夫兰骑士队 Nike Therma男子 NBA 长袖圆领上衣,￥499,https://store.nike.com/cn/zh_cn/pd/%E5%85%8B%E5%88%A9%E5%A4%AB%E5%85%B0%E9%AA%91%E5%A3%AB%E9%98%9F-therma-nba-%E9%95%BF%E8%A2%96%E5%9C%86%E9%A2%86%E4%B8%8A%E8%A1%A3-3zTb1Azx/pid-11841466/pgid-12224032
Nike Dri-FIT Kyrie男子长袖篮球T恤,￥299,https://store.nike.com/cn/zh_cn/pd/dri-fit-kyrie-%E7%94%B7%E5%AD%90%E9%95%BF%E8%A2%96%E7%AF%AE%E7%90%83t%E6%81%A4-jvLsCg/pid-12060218/pgid-12415772
"Jordan Sportswear AJ 3 ""Do You Know?""男子长袖T恤",￥299,https://store.nike.com/cn/zh_cn/pd/jordan-sportswear-aj-3-do-you-know-%E7%94%B7%E5%AD%90%E9%95%BF%E8%A2%96t%E6%81%A4-Q5kH19/pid-12004302/pgid-12415607
布鲁克林篮网队 (Jeremy Lin) City Edition Swingman JerseyNike NBA Jersey 男子球衣,￥599,https://store.nike.com/cn/zh_cn/pd/%E5%B8%83%E9%B2%81%E5%85%8B%E6%9E%97%E7%AF%AE%E7%BD%91%E9%98%9F-city-edition-swingman-jersey-nba-jersey-%E7%94%B7%E5%AD%90%E7%90%83%E8%A1%A3/pid-11972815/pgid-12136909
Nike男子 NBA 连帽衫,￥499,https://store.nike.com/cn/zh_cn/pd/nba-%E8%BF%9E%E5%B8%BD%E8%A1%AB-ly8ldr/pid-12259257/pgid-12259288
布鲁克林篮网队 (Jeremy Lin) Nike Dry男子 NBA T恤,￥299,https://store.nike.com/cn/zh_cn/pd/%E5%B8%83%E9%B2%81%E5%85%8B%E6%9E%97%E7%AF%AE%E7%BD%91%E9%98%9F-dry-nba-t%E6%81%A4-x8KeeR/pid-11855543/pgid-12248225
Jordan CNY男子篮球T恤,￥299,https://store.nike.com/cn/zh_cn/pd/jordan-cny-%E7%94%B7%E5%AD%90%E7%AF%AE%E7%90%83t%E6%81%A4-nTWMC7/pid-12115289/pgid-12415861
Nike Pixel Three-Piece婴童套装,￥369,https://store.nike.com/cn/zh_cn/pd/pixel-three-piece-%E5%A9%B4%E7%AB%A5%E5%A5%97%E8%A3%85-D433AP/pid-12187159/pgid-12291928
圣安东尼奥马刺队 (Kawhi Leonard) City Edition Swingman JerseyNike NBA Jersey 男子球衣,￥599,https://store.nike.com/cn/zh_cn/pd/%E5%9C%A3%E5%AE%89%E4%B8%9C%E5%B0%BC%E5%A5%A5%E9%A9%AC%E5%88%BA%E9%98%9F-city-edition-swingman-jersey-nba-jersey-%E7%94%B7%E5%AD%90%E7%90%83%E8%A1%A3/pid-11972906/pgid-12136917
Jordan Ultimate Flight 2.0 Grip Crew篮球袜（1 双）,￥169,https://store.nike.com/cn/zh_cn/pd/jordan-ultimate-flight-2-grip-crew-%E7%AF%AE%E7%90%83%E8%A2%9C%EF%BC%881-%E5%8F%8C%EF%BC%89-GPTg3ryM/pid-11571458/pgid-11865759
Nike Versa Tack 8P篮球,￥209,https://store.nike.com/cn/zh_cn/pd/versa-tack-8p-%E7%AF%AE%E7%90%83-Jk7JZh/pid-11866881/pgid-12413683
Nike Elite Quick CrewNBA 运动袜（1 双）,￥129,https://store.nike.com/cn/zh_cn/pd/elite-quick-crew-nba-%E8%BF%90%E5%8A%A8%E8%A2%9C%EF%BC%881-%E5%8F%8C%EF%BC%89-vhb7xN/pid-11808656/pgid-12413705
Jordan Dri-FIT JMTC 23/7 Jumpman男子T恤,￥229,https://store.nike.com/cn/zh_cn/pd/jordan-dri-fit-jmtc-23-7-jumpman-%E7%94%B7%E5%AD%90t%E6%81%A4-Bdhqrf/pid-11948660/pgid-12415587
洛杉矶湖人队 City Edition Nike Dry男子 NBA T恤,￥259,https://store.nike.com/cn/zh_cn/pd/%E6%B4%9B%E6%9D%89%E7%9F%B6%E6%B9%96%E4%BA%BA%E9%98%9F-city-edition-dry-nba-t%E6%81%A4-0nTgDy7L/pid-11972027/pgid-12259828
Jordan篮球护指套（1 对）,￥79,https://store.nike.com/cn/zh_cn/pd/jordan-%E7%AF%AE%E7%90%83%E6%8A%A4%E6%8C%87%E5%A5%97%EF%BC%881-%E5%AF%B9%EF%BC%89-WyTA7DAW/pid-11662784/pgid-11865895
克利夫兰骑士队 Nike City Edition男子 NBA 长裤,￥449,https://store.nike.com/cn/zh_cn/pd/%E5%85%8B%E5%88%A9%E5%A4%AB%E5%85%B0%E9%AA%91%E5%A3%AB%E9%98%9F-city-edition-nba-%E9%95%BF%E8%A3%A4-BLTBWvBK/pid-12016858/pgid-12136938
波特兰开拓者队 Nike Dry男子 NBA T恤,￥299,https://store.nike.com/cn/zh_cn/pd/%E6%B3%A2%E7%89%B9%E5%85%B0%E5%BC%80%E6%8B%93%E8%80%85%E9%98%9F-dry-nba-t%E6%81%A4-9LqGR1/pid-11953897/pgid-12248226
Nike Elite Competition 8P篮球,￥309,https://store.nike.com/cn/zh_cn/pd/elite-competition-8p-%E7%AF%AE%E7%90%83-4VTnJGk0/pid-11673873/pgid-12030634
Air Jordan First Class GP幼童运动童鞋,￥499,https://store.nike.com/cn/zh_cn/pd/air-jordan-first-class-gp-%E5%B9%BC%E7%AB%A5%E8%BF%90%E5%8A%A8%E7%AB%A5%E9%9E%8B-33ooAx/pid-12136699/pgid-12186155
休斯顿火箭队 City Edition Nike男子 NBA 连帽衫,￥499,https://store.nike.com/cn/zh_cn/pd/%E4%BC%91%E6%96%AF%E9%A1%BF%E7%81%AB%E7%AE%AD%E9%98%9F-city-edition-nba-%E8%BF%9E%E5%B8%BD%E8%A1%AB-LBTgeAgk/pid-12016489/pgid-12136933
Jordan Sportswear AJ 10男子T恤,￥259,https://store.nike.com/cn/zh_cn/pd/jordan-sportswear-aj-10-%E7%94%B7%E5%AD%90t%E6%81%A4-xQj4xr/pid-12004313/pgid-12415536
Nike Dri-FIT Kyrie男子长袖篮球T恤,￥299,https://store.nike.com/cn/zh_cn/pd/dri-fit-kyrie-%E7%94%B7%E5%AD%90%E9%95%BF%E8%A2%96%E7%AF%AE%E7%90%83t%E6%81%A4-xqTPRvWp/pid-12087147/pgid-12133897
芝加哥公牛队 City Edition Nike男子 NBA 连帽衫,￥499,https://store.nike.com/cn/zh_cn/pd/%E8%8A%9D%E5%8A%A0%E5%93%A5%E5%85%AC%E7%89%9B%E9%98%9F-city-edition-nba-%E8%BF%9E%E5%B8%BD%E8%A1%AB-v2TERzOL/pid-12028803/pgid-12136759
Nike Dri-FIT Kyrie CNY男子篮球T恤,￥259,https://store.nike.com/cn/zh_cn/pd/dri-fit-kyrie-cny-%E7%94%B7%E5%AD%90%E7%AF%AE%E7%90%83t%E6%81%A4-yATY9kvX/pid-12080057/pgid-12185743
Nike Breathe Elite男子长袖篮球上衣,￥349,https://store.nike.com/cn/zh_cn/pd/breathe-elite-%E7%94%B7%E5%AD%90%E9%95%BF%E8%A2%96%E7%AF%AE%E7%90%83%E4%B8%8A%E8%A1%A3-7zc0b4/pid-11918940/pgid-12413771
俄克拉荷马城雷霆队 (Russell Westbrook) City Edition Swingman JerseyNike NBA Connected Jersey 男子球衣,￥599,https://store.nike.com/cn/zh_cn/pd/%E4%BF%84%E5%85%8B%E6%8B%89%E8%8D%B7%E9%A9%AC%E5%9F%8E%E9%9B%B7%E9%9C%86%E9%98%9F-city-edition-swingman-jersey-nba-connected-jersey-%E7%94%B7%E5%AD%90%E7%90%83%E8%A1%A3/pid-12018859/pgid-12136943
芝加哥公牛队 Nike Dry Showtime男子 NBA 连帽衫,￥699,https://store.nike.com/cn/zh_cn/pd/%E8%8A%9D%E5%8A%A0%E5%93%A5%E5%85%AC%E7%89%9B%E9%98%9F-dry-showtime-nba-%E8%BF%9E%E5%B8%BD%E8%A1%AB-moTBNln7/pid-11616730/pgid-11979034
Jordan Sportswear AJ 9男子T恤,￥259,https://store.nike.com/cn/zh_cn/pd/jordan-sportswear-aj-9-%E7%94%B7%E5%AD%90t%E6%81%A4-dL8Oz0/pid-12004247/pgid-12185969
Jordan Elephant Print Quarter运动袜（1 双）,￥99,https://store.nike.com/cn/zh_cn/pd/jordan-elephant-print-quarter-%E8%BF%90%E5%8A%A8%E8%A2%9C%EF%BC%881-%E5%8F%8C%EF%BC%89-sQW8QW/pid-11579116/pgid-12413702
休斯顿火箭队 Nike Therma男子 NBA 长袖圆领上衣,￥499,https://store.nike.com/cn/zh_cn/pd/%E4%BC%91%E6%96%AF%E9%A1%BF%E7%81%AB%E7%AE%AD%E9%98%9F-therma-nba-%E9%95%BF%E8%A2%96%E5%9C%86%E9%A2%86%E4%B8%8A%E8%A1%A3-0nTgDd12/pid-11830664/pgid-12224030
金州勇士队 Nike Therma男子 NBA 长袖圆领上衣,￥499,https://store.nike.com/cn/zh_cn/pd/%E9%87%91%E5%B7%9E%E5%8B%87%E5%A3%AB%E9%98%9F-therma-nba-%E9%95%BF%E8%A2%96%E5%9C%86%E9%A2%86%E4%B8%8A%E8%A1%A3-olTWbegv/pid-11841473/pgid-12224033
Nike Dry Elite 1.5 Mid篮球袜（1 双）,￥79,https://store.nike.com/cn/zh_cn/pd/dry-elite-1-5-mid-%E7%AF%AE%E7%90%83%E8%A2%9C%EF%BC%881-%E5%8F%8C%EF%BC%89-OnTrAq2n/pid-11373055/pgid-11805212
金州勇士队 Nike City Edition男子 NBA 长裤,￥449,https://store.nike.com/cn/zh_cn/pd/%E9%87%91%E5%B7%9E%E5%8B%87%E5%A3%AB%E9%98%9F-city-edition-nba-%E9%95%BF%E8%A3%A4-JkTGEqGw/pid-12016872/pgid-12136939
Jordan Dry Flight 2.0 Ankle篮球袜（1 双）,￥99,https://store.nike.com/cn/zh_cn/pd/jordan-dry-flight-2-ankle-%E7%AF%AE%E7%90%83%E8%A2%9C%EF%BC%881-%E5%8F%8C%EF%BC%89-j4ZQgm/pid-11571487/pgid-12413701
金州勇士队 City Edition Nike男子 NBA 连帽衫,￥499,https://store.nike.com/cn/zh_cn/pd/%E9%87%91%E5%B7%9E%E5%8B%87%E5%A3%AB%E9%98%9F-city-edition-nba-%E8%BF%9E%E5%B8%BD%E8%A1%AB-XPTbVkbG/pid-12016573/pgid-12136934
明尼苏达森林狼队 (Jimmy Butler) City Edition Swingman 球衣Nike NBA Jersey 男子球衣,￥599,https://store.nike.com/cn/zh_cn/pd/%E6%98%8E%E5%B0%BC%E8%8B%8F%E8%BE%BE%E6%A3%AE%E6%9E%97%E7%8B%BC%E9%98%9F-towns-city-edition-swingman-jersey-nba-jersey-%E7%94%B7%E5%AD%90%E7%90%83%E8%A1%A3/pid-11972875/pgid-12191489
Nike Elite Quick CrewNBA 运动袜（1 双）,￥129,https://store.nike.com/cn/zh_cn/pd/elite-quick-crew-nba-%E8%BF%90%E5%8A%A8%E8%A2%9C%EF%BC%881-%E5%8F%8C%EF%BC%89-7BTD2Mzo/pid-11808667/pgid-11988482
Jordan Wings Fleece幼童长裤,￥349,https://store.nike.com/cn/zh_cn/pd/jordan-wings-fleece-%E5%B9%BC%E7%AB%A5%E9%95%BF%E8%A3%A4-RKDEoR/pid-12039974/pgid-12291925
Jordan Wings大童（男孩）针织长裤,￥399,https://store.nike.com/cn/zh_cn/pd/jordan-wings-%E5%A4%A7%E7%AB%A5%EF%BC%88-%EF%BC%89%E9%92%88%E7%BB%87%E9%95%BF%E8%A3%A4-7mlwRE/pid-12039944/pgid-12291924
Jordan Sportswear Tech男子短袖上衣,￥399,https://store.nike.com/cn/zh_cn/pd/jordan-sportswear-tech-%E7%94%B7%E5%AD%90%E7%9F%AD%E8%A2%96%E4%B8%8A%E8%A1%A3-yATY0kGn/pid-11924834/pgid-12014864
洛杉矶湖人队 City Edition Nike男子 NBA 连帽衫,￥499,https://store.nike.com/cn/zh_cn/pd/%E6%B4%9B%E6%9D%89%E7%9F%B6%E6%B9%96%E4%BA%BA%E9%98%9F-city-edition-nba-%E8%BF%9E%E5%B8%BD%E8%A1%AB-9KTdjpdY/pid-12016588/pgid-12136935
克利夫兰骑士队 Nike AeroBill Classic99男/女 NBA 可调节运动帽,￥249,https://store.nike.com/cn/zh_cn/pd/%E5%85%8B%E5%88%A9%E5%A4%AB%E5%85%B0%E9%AA%91%E5%A3%AB%E9%98%9F-aerobill-classic99-%E7%94%B7-%E5%A5%B3-nba-%E5%8F%AF%E8%B0%83%E8%8A%82%E8%BF%90%E5%8A%A8%E5%B8%BD-pvTjXllN/pid-11787174/pgid-12185298
明尼苏达森林狼队 Nike Dry男子 NBA T恤,￥299,https://store.nike.com/cn/zh_cn/pd/%E6%98%8E%E5%B0%BC%E8%8B%8F%E8%BE%BE%E6%A3%AE%E6%9E%97%E7%8B%BC%E9%98%9F-dry-nba-t%E6%81%A4-dPT0K2Wv/pid-11953824/pgid-11988534
Nike篮球护指套（1 对）,￥69,https://store.nike.com/cn/zh_cn/pd/%E7%AF%AE%E7%90%83%E6%8A%A4%E6%8C%87%E5%A5%97%EF%BC%881-%E5%AF%B9%EF%BC%89-rmVzPJ/pid-11662774/pgid-12313730
Nike AS男子套头篮球连帽衫,￥499,https://store.nike.com/cn/zh_cn/pd/as-%E7%94%B7%E5%AD%90%E5%A5%97%E5%A4%B4%E7%AF%AE%E7%90%83%E8%BF%9E%E5%B8%BD%E8%A1%AB-eAdGpg/pid-12016404/pgid-12185985
Jordan Dry Flight Crew运动袜,￥89,https://store.nike.com/cn/zh_cn/pd/jordan-dry-flight-crew-%E8%BF%90%E5%8A%A8%E8%A2%9C-yATY0Ojg/pid-11571397/pgid-12030607
Nike Versa Tack 8P篮球,￥209,https://store.nike.com/cn/zh_cn/pd/versa-tack-8p-%E7%AF%AE%E7%90%83-MkTmeeBB/pid-11674909/pgid-12115713
Nike AeroShield男子跑步夹克,"￥2,099",https://store.nike.com/cn/zh_cn/pd/aeroshield-%E7%94%B7%E5%AD%90%E8%B7%91%E6%AD%A5%E5%A4%B9%E5%85%8B-1qTb0oqm/pid-11641769/pgid-11928134
Nike Breathe Elite男子长袖篮球上衣,￥349,https://store.nike.com/cn/zh_cn/pd/breathe-elite-%E7%94%B7%E5%AD%90%E9%95%BF%E8%A2%96%E7%AF%AE%E7%90%83%E4%B8%8A%E8%A1%A3-1qTbl2b0/pid-11918946/pgid-12185324
金州勇士队 City Edition Nike Dry男子 NBA T恤,￥259,https://store.nike.com/cn/zh_cn/pd/%E9%87%91%E5%B7%9E%E5%8B%87%E5%A3%AB%E9%98%9F-city-edition-dry-nba-t%E6%81%A4-DNTBALJq/pid-11972020/pgid-12259826
Nike Dri-FIT Elite Kyrie男子印花篮球短裤,￥349,https://store.nike.com/cn/zh_cn/pd/dri-fit-elite-kyrie-%E7%94%B7%E5%AD%90%E5%8D%B0%E8%8A%B1%E7%AF%AE%E7%90%83%E7%9F%AD%E8%A3%A4-dPT0OY03/pid-11919003/pgid-12185326
洛杉矶湖人队 City Edition Nike Classic99男/女 NBA 运动帽,￥199,https://store.nike.com/cn/zh_cn/pd/%E6%B4%9B%E6%9D%89%E7%9F%B6%E6%B9%96%E4%BA%BA%E9%98%9F-city-edition-classic99-%E7%94%B7-%E5%A5%B3-nba-%E8%BF%90%E5%8A%A8%E5%B8%BD-xqTPRePK/pid-12010280/pgid-12136927
Jordan Ultimate Flight 2.0 Crew篮球袜（1 双）,￥109,https://store.nike.com/cn/zh_cn/pd/jordan-ultimate-flight-2-crew-%E7%AF%AE%E7%90%83%E8%A2%9C%EF%BC%881-%E5%8F%8C%EF%BC%89-gfKXx0/pid-11571469/pgid-12413700
新奥尔良鹈鹕队 Nike Dry男子 NBA T恤,￥299,https://store.nike.com/cn/zh_cn/pd/%E6%96%B0%E5%A5%A5%E5%B0%94%E8%89%AF%E9%B9%88%E9%B9%95%E9%98%9F-dry-nba-t%E6%81%A4-FX7M8W/pid-11945827/pgid-12398925
Nike Reversible男子篮球背心,￥199,https://store.nike.com/cn/zh_cn/pd/reversible-%E7%94%B7%E5%AD%90%E7%AF%AE%E7%90%83%E8%83%8C%E5%BF%83-6QBVPT/pid-11521304/pgid-12413646
Nike男子印花篮球T恤,￥259,https://store.nike.com/cn/zh_cn/pd/%E7%94%B7%E5%AD%90%E5%8D%B0%E8%8A%B1%E7%AF%AE%E7%90%83t%E6%81%A4-k0lARm/pid-12060308/pgid-12185745
"Jordan Sportswear ""Los Jordan""男子T恤",￥259,https://store.nike.com/cn/zh_cn/pd/jordan-sportswear-los-jordan-%E7%94%B7%E5%AD%90t%E6%81%A4-tBWXkp/pid-11989442/pgid-12416052
PG 2 Palmdale EP男子篮球鞋,￥849,https://store.nike.com/cn/zh_cn/pd/pg-2-palmdale-ep-%E7%94%B7%E5%AD%90%E7%AF%AE%E7%90%83%E9%9E%8B-m2M47n/pid-12316133/pgid-12186071
Nike Air VaporMax Flyknit女子跑步鞋,"￥1,599",https://store.nike.com/cn/zh_cn/pd/air-vapormax-flyknit-%E5%A5%B3%E5%AD%90%E8%B7%91%E6%AD%A5%E9%9E%8B-pvTj3EBl/pid-11936141/pgid-11633030
Jordan Sportswear男子T恤,￥259,https://store.nike.com/cn/zh_cn/pd/jordan-sportswear-%E7%94%B7%E5%AD%90t%E6%81%A4-dkwqGN/pid-12004268/pgid-12415258
Nike Elite Quick CrewNBA 运动袜（1 双）,￥129,https://store.nike.com/cn/zh_cn/pd/elite-quick-crew-nba-%E8%BF%90%E5%8A%A8%E8%A2%9C%EF%BC%881-%E5%8F%8C%EF%BC%89-GCsMVx/pid-11808632/pgid-12413800
俄克拉荷马城雷霆队 Nike Dry男子 NBA T恤,￥299,https://store.nike.com/cn/zh_cn/pd/%E4%BF%84%E5%85%8B%E6%8B%89%E8%8D%B7%E9%A9%AC%E5%9F%8E%E9%9B%B7%E9%9C%86%E9%98%9F-dry-nba-t%E6%81%A4-H4Dr8C/pid-12208142/pgid-12415879
Jordan Ultimate Flight 2.0 Grip Crew篮球袜（1 双）,￥169,https://store.nike.com/cn/zh_cn/pd/jordan-ultimate-flight-2-grip-crew-%E7%AF%AE%E7%90%83%E8%A2%9C%EF%BC%881-%E5%8F%8C%EF%BC%89-1G2619/pid-11571457/pgid-12413699
"Nike Dri-FIT Elite9"" 男子篮球短裤",￥299,https://store.nike.com/cn/zh_cn/pd/dri-fit-elite-9-%E7%94%B7%E5%AD%90%E7%AF%AE%E7%90%83%E7%9F%AD%E8%A3%A4-PATZjLZj/pid-11919019/pgid-12185327
新奥尔良鹈鹕队 (Anthony Davis) City Edition Swingman JerseyNike NBA Connected Jersey 男子球衣,￥599,https://store.nike.com/cn/zh_cn/pd/%E6%96%B0%E5%A5%A5%E5%B0%94%E8%89%AF%E9%B9%88%E9%B9%95%E9%98%9F-city-edition-swingman-jersey-nba-connected-jersey-%E7%94%B7%E5%AD%90%E7%90%83%E8%A1%A3/pid-12034325/pgid-12136760
俄克拉荷马城雷霆队 (Russell Westbrook) City Edition Nike Dry男子 NBA T恤,￥299,https://store.nike.com/cn/zh_cn/pd/%E4%BF%84%E5%85%8B%E6%8B%89%E8%8D%B7%E9%A9%AC%E5%9F%8E%E9%9B%B7%E9%9C%86%E9%98%9F-city-edition-dry-nba-t%E6%81%A4-NwTzexz7/pid-11973618/pgid-12136921
Jordan Ringer婴童连体衣,￥199,https://store.nike.com/cn/zh_cn/pd/jordan-ringer-%E5%A9%B4%E7%AB%A5%E8%BF%9E%E4%BD%93%E8%A1%A3-eJANwL/pid-12187151/pgid-12291927
Nike Elite Crew篮球袜（1 双）,￥79,https://store.nike.com/cn/zh_cn/pd/elite-crew-%E7%AF%AE%E7%90%83%E8%A2%9C%EF%BC%881-%E5%8F%8C%EF%BC%89-3zTbRAMo/pid-11809166/pgid-12053992
克利夫兰骑士队 City Edition Nike男子 NBA 连帽衫,￥499,https://store.nike.com/cn/zh_cn/pd/%E5%85%8B%E5%88%A9%E5%A4%AB%E5%85%B0%E9%AA%91%E5%A3%AB%E9%98%9F-city-edition-nba-%E8%BF%9E%E5%B8%BD%E8%A1%AB-ZwTJONJD/pid-12016458/pgid-12136932
Jordan Elephant Print Quarter运动袜（1 双）,￥99,https://store.nike.com/cn/zh_cn/pd/jordan-elephant-print-quarter-%E8%BF%90%E5%8A%A8%E8%A2%9C%EF%BC%881-%E5%8F%8C%EF%BC%89-MnYmKn/pid-11579119/pgid-12325952
Nike Air VaporMax Flyknit男子跑步鞋,"￥1,599",https://store.nike.com/cn/zh_cn/pd/air-vapormax-flyknit-%E7%94%B7%E5%AD%90%E8%B7%91%E6%AD%A5%E9%9E%8B-NwTz9DB9/pid-11902509/pgid-11633032
Jordan Dri-FIT JMTC男子篮球T恤,￥259,https://store.nike.com/cn/zh_cn/pd/jordan-dri-fit-jmtc-%E7%94%B7%E5%AD%90%E7%AF%AE%E7%90%83t%E6%81%A4-nnSs8B/pid-12004214/pgid-12415793
Nike Dri-FIT Kyrie男子印花T恤,￥259,https://store.nike.com/cn/zh_cn/pd/dri-fit-kyrie-%E7%94%B7%E5%AD%90%E5%8D%B0%E8%8A%B1t%E6%81%A4-BD39rP/pid-12080063/pgid-12415999
Jordan Sportswear AJ 10男子T恤,￥259,https://store.nike.com/cn/zh_cn/pd/jordan-sportswear-aj-10-%E7%94%B7%E5%AD%90t%E6%81%A4-vVjbEZ/pid-12004316/pgid-12185973
克利夫兰骑士队 (LeBron James) City Edition Nike Dry男子 NBA T恤,￥299,https://store.nike.com/cn/zh_cn/pd/%E5%85%8B%E5%88%A9%E5%A4%AB%E5%85%B0%E9%AA%91%E5%A3%AB%E9%98%9F-city-edition-dry-nba-t%E6%81%A4-h465Qm/pid-12018181/pgid-12415765
金州勇士队 City Edition Nike Classic99男/女 NBA 运动帽,￥199,https://store.nike.com/cn/zh_cn/pd/%E9%87%91%E5%B7%9E%E5%8B%87%E5%A3%AB%E9%98%9F-city-edition-classic99-%E7%94%B7-%E5%A5%B3-nba-%E8%BF%90%E5%8A%A8%E5%B8%BD-KyTwzywX/pid-12010276/pgid-12136925
休斯顿火箭队 (James Harden) Nike Dri-FIT男子 NBA T恤,￥299,https://store.nike.com/cn/zh_cn/pd/%E4%BC%91%E6%96%AF%E9%A1%BF%E7%81%AB%E7%AE%AD%E9%98%9F-dri-fit-nba-t%E6%81%A4-AKTd4DlP/pid-11855620/pgid-11988533
俄克拉荷马城雷霆队 Nike Dry男子 NBA T恤,￥299,https://store.nike.com/cn/zh_cn/pd/%E4%BF%84%E5%85%8B%E6%8B%89%E8%8D%B7%E9%A9%AC%E5%9F%8E%E9%9B%B7%E9%9C%86%E9%98%9F-dry-nba-t%E6%81%A4-WyTAXOW1/pid-12295517/pgid-11988553
"Jordan Sportswear ""Los Jordan""男子T恤",￥259,https://store.nike.com/cn/zh_cn/pd/jordan-sportswear-los-jordan-%E7%94%B7%E5%AD%90t%E6%81%A4-dPT0OYyD/pid-11989443/pgid-12185932
芝加哥公牛队 City Edition Nike Classic99男/女 NBA 运动帽,￥199,https://store.nike.com/cn/zh_cn/pd/%E8%8A%9D%E5%8A%A0%E5%93%A5%E5%85%AC%E7%89%9B%E9%98%9F-city-edition-classic99-%E7%94%B7-%E5%A5%B3-nba-%E8%BF%90%E5%8A%A8%E5%B8%BD-nnTrq1rN/pid-12010168/pgid-12136924
Jordan Ultimate Flight 2.0 Crew篮球袜（1 双）,￥109,https://store.nike.com/cn/zh_cn/pd/jordan-ultimate-flight-2-crew-%E7%AF%AE%E7%90%83%E8%A2%9C%EF%BC%881-%E5%8F%8C%EF%BC%89-V27FqF/pid-11571125/pgid-12413799
Nike Dry男子 NBA T恤,￥259,https://store.nike.com/cn/zh_cn/pd/dry-nba-t%E6%81%A4-boDqgA/pid-12259256/pgid-12259287
"Jordan Rise ""Dunk Life""男子篮球T恤",￥259,https://store.nike.com/cn/zh_cn/pd/jordan-rise-dunk-life-%E7%94%B7%E5%AD%90%E7%AF%AE%E7%90%83t%E6%81%A4-VwVmbO/pid-12004228/pgid-12185967
芝加哥公牛队 City Edition Nike Dry男子 NBA T恤,￥259,https://store.nike.com/cn/zh_cn/pd/%E8%8A%9D%E5%8A%A0%E5%93%A5%E5%85%AC%E7%89%9B%E9%98%9F-city-edition-dry-nba-t%E6%81%A4-PATZjznY/pid-11971755/pgid-12259821
Jordan Sportswear Jumpman男子T恤,￥259,https://store.nike.com/cn/zh_cn/pd/jordan-sportswear-jumpman-%E7%94%B7%E5%AD%90t%E6%81%A4-wlPXWZ/pid-12060198/pgid-12185742
Nike Dri-FIT LeBron男子篮球T恤,￥259,https://store.nike.com/cn/zh_cn/pd/dri-fit-lebron-%E7%94%B7%E5%AD%90%E7%AF%AE%E7%90%83t%E6%81%A4-PATZeDBR/pid-11947358/pgid-12166598
克利夫兰骑士队 City Edition Nike Dry男子 NBA T恤,￥259,https://store.nike.com/cn/zh_cn/pd/%E5%85%8B%E5%88%A9%E5%A4%AB%E5%85%B0%E9%AA%91%E5%A3%AB%E9%98%9F-city-edition-dry-nba-t%E6%81%A4-7BTDjgNz/pid-11972013/pgid-12259825
Nike Versa Tack 8P篮球,￥209,https://store.nike.com/cn/zh_cn/pd/versa-tack-8p-%E7%AF%AE%E7%90%83-7VzS5p/pid-12017101/pgid-12415634
Jordan Dri-FIT JMTC 23/7 Jumpman男子T恤,￥229,https://store.nike.com/cn/zh_cn/pd/jordan-dri-fit-jmtc-23-7-jumpman-%E7%94%B7%E5%AD%90t%E6%81%A4-LBTgK9PN/pid-11948665/pgid-12185716
Jordan Ultimate Flight 2.0 Crew篮球袜（1 双）,￥109,https://store.nike.com/cn/zh_cn/pd/jordan-ultimate-flight-2-crew-%E7%AF%AE%E7%90%83%E8%A2%9C%EF%BC%881-%E5%8F%8C%EF%BC%89-rJTGmVdn/pid-11582447/pgid-12030606
Nike Breathe Elite女子长袖篮球上衣,￥349,https://store.nike.com/cn/zh_cn/pd/breathe-elite-%E5%A5%B3%E5%AD%90%E9%95%BF%E8%A2%96%E7%AF%AE%E7%90%83%E4%B8%8A%E8%A1%A3-bkTvndvw/pid-11918838/pgid-12185322
Nike Elite Crew篮球袜（1 双）,￥79,https://store.nike.com/cn/zh_cn/pd/elite-crew-%E7%AF%AE%E7%90%83%E8%A2%9C%EF%BC%881-%E5%8F%8C%EF%BC%89-1gzs4G/pid-11931673/pgid-12415867
Nike Dri-FIT Elite女子篮球短裤,￥299,https://store.nike.com/cn/zh_cn/pd/dri-fit-elite-%E5%A5%B3%E5%AD%90%E7%AF%AE%E7%90%83%E7%9F%AD%E8%A3%A4-qqTAG0AL/pid-11918819/pgid-12185321
Nike NBA Elite篮球护腕（1 对）,￥149,https://store.nike.com/cn/zh_cn/pd/nba-elite-%E7%AF%AE%E7%90%83%E6%8A%A4%E8%85%95%EF%BC%881-%E5%AF%B9%EF%BC%89-knTPnnKb/pid-11895087/pgid-12115716
"Jordan Rise ""Dunk Life""男子篮球T恤",￥259,https://store.nike.com/cn/zh_cn/pd/jordan-rise-dunk-life-%E7%94%B7%E5%AD%90%E7%AF%AE%E7%90%83t%E6%81%A4-FzQJhw/pid-12004230/pgid-12413773
Andrew Wiggins 明尼苏达森林狼队 Nike Dry男子 NBA T恤,￥299,https://store.nike.com/cn/zh_cn/pd/andrew-wiggins-%E6%98%8E%E5%B0%BC%E8%8B%8F%E8%BE%BE%E6%A3%AE%E6%9E%97%E7%8B%BC%E9%98%9F-dry-nba-%E7%94%B7%E5%AD%90t%E6%81%A4-9Z7X8g/pid-11855659/pgid-12398921
Nike Elite Quick CrewNBA 运动袜（1 双）,￥129,https://store.nike.com/cn/zh_cn/pd/elite-quick-crew-nba-%E8%BF%90%E5%8A%A8%E8%A2%9C%EF%BC%881-%E5%8F%8C%EF%BC%89-XTfG05/pid-11808619/pgid-12415778
Nike Dri-FIT Kyrie男子印花T恤,￥259,https://store.nike.com/cn/zh_cn/pd/dri-fit-kyrie-%E7%94%B7%E5%AD%90%E5%8D%B0%E8%8A%B1t%E6%81%A4-MkTmEbl2/pid-12080064/pgid-12186053
休斯顿火箭队 (James Harden) City Edition Nike Dry男子 NBA T恤,￥299,https://store.nike.com/cn/zh_cn/pd/%E4%BC%91%E6%96%AF%E9%A1%BF%E7%81%AB%E7%AE%AD%E9%98%9F-city-edition-dry-nba-t%E6%81%A4-2KTrDXrN/pid-11973603/pgid-12136920
Nike LeBron Elite篮球袜（1 双）,￥129,https://store.nike.com/cn/zh_cn/pd/lebron-elite-%E7%AF%AE%E7%90%83%E8%A2%9C%EF%BC%881-%E5%8F%8C%EF%BC%89-2KTr8DYE/pid-11810144/pgid-12030826
Nike Elite Crew篮球袜（1 双）,￥79,https://store.nike.com/cn/zh_cn/pd/elite-crew-%E7%AF%AE%E7%90%83%E8%A2%9C%EF%BC%881-%E5%8F%8C%EF%BC%89-xqTPK2bO/pid-11931676/pgid-12185609
Nike Air VaporMax FK MOC女子跑步鞋,"￥1,599",https://store.nike.com/cn/zh_cn/pd/air-vapormax-fk-moc-%E5%A5%B3%E5%AD%90%E8%B7%91%E6%AD%A5%E9%9E%8B-CcmlSQ/pid-12033096/pgid-12409874
Jordan Dri-FIT JMTC男子篮球T恤,￥259,https://store.nike.com/cn/zh_cn/pd/jordan-dri-fit-jmtc-%E7%94%B7%E5%AD%90%E7%AF%AE%E7%90%83t%E6%81%A4-nnTrAjk7/pid-12004216/pgid-12185966
"Jordan ""City of Flight""儿童可调节运动帽",￥169,https://store.nike.com/cn/zh_cn/pd/jordan-city-of-flight-%E5%84%BF%E7%AB%A5%E5%8F%AF%E8%B0%83%E8%8A%82%E8%BF%90%E5%8A%A8%E5%B8%BD-NVyMxY/pid-12225858/pgid-12291948
Nike Dri-FIT KD男子篮球T恤,￥259,https://store.nike.com/cn/zh_cn/pd/dri-fit-kd-%E7%94%B7%E5%AD%90%E7%AF%AE%E7%90%83t%E6%81%A4-8xqODB/pid-12060389/pgid-12185747
休斯顿火箭队 City Edition Nike Dry男子 NBA T恤,￥259,https://store.nike.com/cn/zh_cn/pd/%E4%BC%91%E6%96%AF%E9%A1%BF%E7%81%AB%E7%AE%AD%E9%98%9F-city-edition-dry-nba-t%E6%81%A4-89TqgLYw/pid-11972022/pgid-12259827
圣安东尼奥马刺队 (Kawhi Leonard) City Edition Nike Dry男子 NBA T恤,￥299,https://store.nike.com/cn/zh_cn/pd/%E5%9C%A3%E5%AE%89%E4%B8%9C%E5%B0%BC%E5%A5%A5%E9%A9%AC%E5%88%BA%E9%98%9F-city-edition-dry-nba-t%E6%81%A4-WyTA0gAj/pid-11973631/pgid-12136922
休斯顿火箭队 (James Harden) Nike Dry男子 NBA T恤,￥259,https://store.nike.com/cn/zh_cn/pd/%E4%BC%91%E6%96%AF%E9%A1%BF%E7%81%AB%E7%AE%AD%E9%98%9F-dry-nba-t%E6%81%A4-2KrykJ/pid-11973321/pgid-12259831
Nike男子篮球短裤,￥199,https://store.nike.com/cn/zh_cn/pd/%E7%94%B7%E5%AD%90%E7%AF%AE%E7%90%83%E7%9F%AD%E8%A3%A4-QFd6Rd/pid-11817123/pgid-12415784
Nike Breathe Elite男子短袖篮球上衣,￥269,https://store.nike.com/cn/zh_cn/pd/breathe-elite-%E7%94%B7%E5%AD%90%E7%9F%AD%E8%A2%96%E7%AF%AE%E7%90%83%E4%B8%8A%E8%A1%A3-pAkE0k/pid-11918961/pgid-12185325
"Nike Dri-FIT ""Make This Shot Look Easy""男子篮球T恤",￥229,https://store.nike.com/cn/zh_cn/pd/dri-fit-make-this-shot-look-easy-%E7%94%B7%E5%AD%90%E7%AF%AE%E7%90%83t%E6%81%A4-8dYwDb/pid-12060338/pgid-12185746
Nike Air VaporMax Flyknit MOC男子跑步鞋,"￥1,599",https://store.nike.com/cn/zh_cn/pd/air-vapormax-flyknit-moc-%E7%94%B7%E5%AD%90%E8%B7%91%E6%AD%A5%E9%9E%8B-2KTrG24q/pid-12011413/pgid-11931082
Nike Reversible男子篮球背心,￥199,https://store.nike.com/cn/zh_cn/pd/reversible-%E7%94%B7%E5%AD%90%E7%AF%AE%E7%90%83%E8%83%8C%E5%BF%83-gd9CHG/pid-11521307/pgid-12415783
Nike Dri-FIT大童（男孩）短袖篮球上衣,￥269,https://store.nike.com/cn/zh_cn/pd/dri-fit-%E5%A4%A7%E7%AB%A5%EF%BC%88-%EF%BC%89%E7%9F%AD%E8%A2%96%E7%AF%AE%E7%90%83%E4%B8%8A%E8%A1%A3-5gn9NH/pid-12184374/pgid-12416049
休斯顿火箭队 City Edition Nike Classic99男/女 NBA 运动帽,￥199,https://store.nike.com/cn/zh_cn/pd/%E4%BC%91%E6%96%AF%E9%A1%BF%E7%81%AB%E7%AE%AD%E9%98%9F-city-edition-classic99-%E7%94%B7-%E5%A5%B3-nba-%E8%BF%90%E5%8A%A8%E5%B8%BD-knTPn1Pn/pid-12010277/pgid-12136926
Nike Dri-FIT Kyrie男子篮球T恤,￥259,https://store.nike.com/cn/zh_cn/pd/dri-fit-kyrie-%E7%94%B7%E5%AD%90%E7%AF%AE%E7%90%83t%E6%81%A4-LXEdbk/pid-12060305/pgid-12185744
Jordan Rise大童（男孩）短裤,￥269,https://store.nike.com/cn/zh_cn/pd/jordan-rise-%E5%A4%A7%E7%AB%A5%EF%BC%88-%EF%BC%89%E7%9F%AD%E8%A3%A4-LDnDnk/pid-12209474/pgid-12291936
Nike Air VaporMax FK MOC女子跑步鞋,"￥1,599",https://store.nike.com/cn/zh_cn/pd/air-vapormax-fk-moc-%E5%A5%B3%E5%AD%90%E8%B7%91%E6%AD%A5%E9%9E%8B-olTW4KNv/pid-11973825/pgid-11988545
Nike Air VaporMax R男子跑步鞋,"￥1,399",https://store.nike.com/cn/zh_cn/pd/air-vapormax-r-%E7%94%B7%E5%AD%90%E8%B7%91%E6%AD%A5%E9%9E%8B-oPyoxV/pid-12060510/pgid-12063254
Nike Dri-FIT Elite大童（男孩）篮球短裤,￥199,https://store.nike.com/cn/zh_cn/pd/dri-fit-elite-%E5%A4%A7%E7%AB%A5%EF%BC%88-%EF%BC%89%E7%AF%AE%E7%90%83%E7%9F%AD%E8%A3%A4-xqTPKGJK/pid-11200922/pgid-12190255
布鲁克林篮网队 City Edition Nike Dri-FIT男子 NBA T恤,￥299,https://store.nike.com/cn/zh_cn/pd/%E5%B8%83%E9%B2%81%E5%85%8B%E6%9E%97%E7%AF%AE%E7%BD%91%E9%98%9F-city-edition-dri-fit%E7%94%B7%E5%AD%90-nba-t%E6%81%A4-ERTB3zBl/pid-11973590/pgid-12136918
新奥尔良鹈鹕队 City Edition Nike Dri-FIT男子 NBA T恤,￥299,https://store.nike.com/cn/zh_cn/pd/%E6%96%B0%E5%A5%A5%E5%B0%94%E8%89%AF%E9%B9%88%E9%B9%95%E9%98%9F-city-edition-dri-fit-nba-t%E6%81%A4-qqTAO1AW/pid-12018184/pgid-12136942
Nike Dri-FIT大童（男孩）短袖篮球上衣,￥269,https://store.nike.com/cn/zh_cn/pd/dri-fit-%E5%A4%A7%E7%AB%A5%EF%BC%88-%EF%BC%89%E7%9F%AD%E8%A2%96%E7%AF%AE%E7%90%83%E4%B8%8A%E8%A1%A3-9Kg9nN/pid-12184615/pgid-12192934
Nike Air VaporMax男子跑步鞋,"￥1,399",https://store.nike.com/cn/zh_cn/pd/air-vapormax-%E7%94%B7%E5%AD%90%E8%B7%91%E6%AD%A5%E9%9E%8B-NwTzdeXn/pid-12022333/pgid-12030972
Nike Air Zoom Vomero 12男子跑步鞋,"￥1,099",https://store.nike.com/cn/zh_cn/pd/air-zoom-vomero-12-%E7%94%B7%E5%AD%90%E8%B7%91%E6%AD%A5%E9%9E%8B-DllqkZ/pid-11236262/pgid-12378966
Nike Dri-FIT大童（男孩）短袖篮球上衣,￥269,https://store.nike.com/cn/zh_cn/pd/dri-fit-%E5%A4%A7%E7%AB%A5%EF%BC%88-%EF%BC%89%E7%9F%AD%E8%A2%96%E7%AF%AE%E7%90%83%E4%B8%8A%E8%A1%A3-9Kg9nN/pid-12184615/pgid-12192934
Nike Air VaporMax男子跑步鞋,"￥1,399",https://store.nike.com/cn/zh_cn/pd/air-vapormax-%E7%94%B7%E5%AD%90%E8%B7%91%E6%AD%A5%E9%9E%8B-NwTzdeXn/pid-12022333/pgid-12030972
Nike Air Zoom Vomero 12男子跑步鞋,"￥1,099",https://store.nike.com/cn/zh_cn/pd/air-zoom-vomero-12-%E7%94%B7%E5%AD%90%E8%B7%91%E6%AD%A5%E9%9E%8B-DllqkZ/pid-11236262/pgid-12378966
Nike Air VaporMax Flyknit P男子跑步鞋,"￥1,599",https://store.nike.com/cn/zh_cn/pd/air-vapormax-flyknit-p-%E7%94%B7%E5%AD%90%E8%B7%91%E6%AD%A5%E9%9E%8B-LBTge1PJ/pid-12042312/pgid-12112144
Nike Air Zoom Pegasus 34男子跑步鞋,￥899,https://store.nike.com/cn/zh_cn/pd/air-zoom-pegasus-34-%E7%94%B7%E5%AD%90%E8%B7%91%E6%AD%A5%E9%9E%8B-Nfh39V/pid-11382127/pgid-12412757
Nike Air Zoom Pegasus 34男子跑步鞋,￥899,https://store.nike.com/cn/zh_cn/pd/air-zoom-pegasus-34-%E7%94%B7%E5%AD%90%E8%B7%91%E6%AD%A5%E9%9E%8B-sDPz6B/pid-11939696/pgid-12404531
Nike Air Zoom Pegasus 34男子跑步鞋,￥899,https://store.nike.com/cn/zh_cn/pd/air-zoom-pegasus-34-%E7%94%B7%E5%AD%90%E8%B7%91%E6%AD%A5%E9%9E%8B-24WBFd/pid-11938103/pgid-12415788
Nike Air Zoom Pegasus 34男子跑步鞋,￥899,https://store.nike.com/cn/zh_cn/pd/air-zoom-pegasus-34-%E7%94%B7%E5%AD%90%E8%B7%91%E6%AD%A5%E9%9E%8B-sc9JwZ/pid-11939694/pgid-12413768
Nike Air VaporMax女子跑步鞋,"￥1,399",https://store.nike.com/cn/zh_cn/pd/air-vapormax-%E5%A5%B3%E5%AD%90%E8%B7%91%E6%AD%A5%E9%9E%8B/pid-12043975/pgid-12024118
克利夫兰骑士队 (LeBron James) Nike Dry女子 NBA T恤,￥259,https://store.nike.com/cn/zh_cn/pd/%E5%85%8B%E5%88%A9%E5%A4%AB%E5%85%B0%E9%AA%91%E5%A3%AB%E9%98%9F-dry-nba-t%E6%81%A4-LNrpjy/pid-11973652/pgid-12259832
Nike Zoom Fly男子跑步鞋,"￥1,169",https://store.nike.com/cn/zh_cn/pd/zoom-fly-%E7%94%B7%E5%AD%90%E8%B7%91%E6%AD%A5%E9%9E%8B-gKB0fq/pid-11828000/pgid-12412764
Nike Zoom All Out Low 2男子跑步鞋,"￥1,099",https://store.nike.com/cn/zh_cn/pd/zoom-all-out-low-2-%E7%94%B7%E5%AD%90%E8%B7%91%E6%AD%A5%E9%9E%8B-0MRKrW/pid-12046504/pgid-12413229
Nike LunarGlide 9男子跑步鞋,￥969,https://store.nike.com/cn/zh_cn/pd/lunarglide-9-%E7%94%B7%E5%AD%90%E8%B7%91%E6%AD%A5%E9%9E%8B-BwxzSB/pid-11570658/pgid-12413889
Nike Air Zoom Elite 9男子跑步鞋,￥929,https://store.nike.com/cn/zh_cn/pd/air-zoom-elite-9-%E7%94%B7%E5%AD%90%E8%B7%91%E6%AD%A5%E9%9E%8B-gwMCGN/pid-11236283/pgid-12413888
Nike Free RN Flyknit 2017女子跑步鞋,￥999,https://store.nike.com/cn/zh_cn/pd/free-rn-flyknit-2017-%E5%A5%B3%E5%AD%90%E8%B7%91%E6%AD%A5%E9%9E%8B-GslRhq/pid-11385146/pgid-12412857
Nike Free RN Flyknit 2017女子跑步鞋,￥999,https://store.nike.com/cn/zh_cn/pd/free-rn-flyknit-2017-%E5%A5%B3%E5%AD%90%E8%B7%91%E6%AD%A5%E9%9E%8B-qqTA0dgX/pid-11938139/pgid-11489229
Nike Zoom Fly男子跑步鞋,"￥1,169",https://store.nike.com/cn/zh_cn/pd/zoom-fly-%E7%94%B7%E5%AD%90%E8%B7%91%E6%AD%A5%E9%9E%8B-ERTB7ELM/pid-11936159/pgid-11631167
Nike Air VaporMax R女子跑步鞋,"￥1,399",https://store.nike.com/cn/zh_cn/pd/air-vapormax-r-%E5%A5%B3%E5%AD%90%E8%B7%91%E6%AD%A5%E9%9E%8B-knTPqexY/pid-12060579/pgid-12061580
Nike Air Zoom Pegasus 34女子跑步鞋,￥899,https://store.nike.com/cn/zh_cn/pd/air-zoom-pegasus-34-%E5%A5%B3%E5%AD%90%E8%B7%91%E6%AD%A5%E9%9E%8B-26kNf6/pid-11382131/pgid-12378999
Nike Air Zoom Pegasus 34女子跑步鞋,￥899,https://store.nike.com/cn/zh_cn/pd/air-zoom-pegasus-34-%E5%A5%B3%E5%AD%90%E8%B7%91%E6%AD%A5%E9%9E%8B-rJTGrJ7l/pid-11939701/pgid-11631050
Nike Air Zoom Pegasus 34女子跑步鞋,￥899,https://store.nike.com/cn/zh_cn/pd/air-zoom-pegasus-34-%E5%A5%B3%E5%AD%90%E8%B7%91%E6%AD%A5%E9%9E%8B-859htV/pid-11939700/pgid-12413829
Nike Free RN Motion FK 2017女子跑步鞋,"￥1,169",https://store.nike.com/cn/zh_cn/pd/free-rn-motion-fk-2017-%E5%A5%B3%E5%AD%90%E8%B7%91%E6%AD%A5%E9%9E%8B/pid-11400775/pgid-12412763
Nike Air Zoom Structure 21男子跑步鞋,￥999,https://store.nike.com/cn/zh_cn/pd/air-zoom-structure-21-%E7%94%B7%E5%AD%90%E8%B7%91%E6%AD%A5%E9%9E%8B-8PbVHg/pid-11585171/pgid-12412795
Nike Zoom All Out Low女子跑步鞋,"￥1,129",https://store.nike.com/cn/zh_cn/pd/zoom-all-out-low-%E5%A5%B3%E5%AD%90%E8%B7%91%E6%AD%A5%E9%9E%8B-gRAXqn/pid-11825353/pgid-11986536
Nike Zoom Winflo 4男子跑步鞋,￥729,https://store.nike.com/cn/zh_cn/pd/zoom-winflo-4-%E7%94%B7%E5%AD%90%E8%B7%91%E6%AD%A5%E9%9E%8B-nJ4CWt/pid-11391501/pgid-12412863
Nike Air Zoom Vomero 13男子跑步鞋,"￥1,099",https://store.nike.com/cn/zh_cn/pd/air-zoom-vomero-13-%E7%94%B7%E5%AD%90%E8%B7%91%E6%AD%A5%E9%9E%8B-PjH1KS/pid-11825531/pgid-12413612
Nike Flex 2017 RN男子跑步鞋,￥669,https://store.nike.com/cn/zh_cn/pd/flex-2017-rn-%E7%94%B7%E5%AD%90%E8%B7%91%E6%AD%A5%E9%9E%8B-hFhF5j/pid-11391493/pgid-12412786
Nike Zoom Fly女子跑步鞋,"￥1,169",https://store.nike.com/cn/zh_cn/pd/zoom-fly-%E5%A5%B3%E5%AD%90%E8%B7%91%E6%AD%A5%E9%9E%8B-m1F3LF/pid-11828002/pgid-12412784
Nike Free RN CMTR 2017男子跑步鞋,￥869,https://store.nike.com/cn/zh_cn/pd/free-rn-cmtr-2017-%E7%94%B7%E5%AD%90%E8%B7%91%E6%AD%A5%E9%9E%8B-gXTOlrNj/pid-11398562/pgid-11631120
Nike Air Zoom Vomero 13男子跑步鞋,"￥1,099",https://store.nike.com/cn/zh_cn/pd/air-zoom-vomero-13-%E7%94%B7%E5%AD%90%E8%B7%91%E6%AD%A5%E9%9E%8B-rJTGmVmz/pid-11936227/pgid-12030720
Nike Zoom All Out Low 2男子跑步鞋,"￥1,099",https://store.nike.com/cn/zh_cn/pd/zoom-all-out-low-2-%E7%94%B7%E5%AD%90%E8%B7%91%E6%AD%A5%E9%9E%8B-K2ZWCC/pid-12046503/pgid-12413657
Nike LunarSolo男子跑步鞋,￥869,https://store.nike.com/cn/zh_cn/pd/lunarsolo-%E7%94%B7%E5%AD%90%E8%B7%91%E6%AD%A5%E9%9E%8B-FGTXQk/pid-11831122/pgid-12413219
Nike Zonal AeroShield男子跑步夹克,"￥1,099",https://store.nike.com/cn/zh_cn/pd/zonal-aeroshield-%E7%94%B7%E5%AD%90%E8%B7%91%E6%AD%A5%E5%A4%B9%E5%85%8B-H1cbfN/pid-11526668/pgid-12412642
Jordan Grind男子跑步鞋,￥899,https://store.nike.com/cn/zh_cn/pd/jordan-grind-%E7%94%B7%E5%AD%90%E8%B7%91%E6%AD%A5%E9%9E%8B-j9Gz21/pid-11983120/pgid-12413222
Nike Air Max Sequent 3男子跑步鞋,￥849,https://store.nike.com/cn/zh_cn/pd/air-max-sequent-3-%E7%94%B7%E5%AD%90%E8%B7%91%E6%AD%A5%E9%9E%8B-FwJm8X/pid-12019700/pgid-12413199
Nike Air Zoom Structure 21女子跑步鞋,￥999,https://store.nike.com/cn/zh_cn/pd/air-zoom-structure-21-%E5%A5%B3%E5%AD%90%E8%B7%91%E6%AD%A5%E9%9E%8B-BGtP0S/pid-11585177/pgid-12412796
Nike Zoom All Out Low 2男子跑步鞋,"￥1,099",https://store.nike.com/cn/zh_cn/pd/zoom-all-out-low-2-%E7%94%B7%E5%AD%90%E8%B7%91%E6%AD%A5%E9%9E%8B-qqTAk17G/pid-12050193/pgid-12053371
Nike LunarEpic Low Flyknit 2女子跑步鞋,"￥1,299",https://store.nike.com/cn/zh_cn/pd/lunarepic-low-flyknit-2-%E5%A5%B3%E5%AD%90%E8%B7%91%E6%AD%A5%E9%9E%8B-olTWgkrl/pid-12046367/pgid-11493487
Nike Zoom All Out Low 2男子跑步鞋,"￥1,099",https://store.nike.com/cn/zh_cn/pd/zoom-all-out-low-2-%E7%94%B7%E5%AD%90%E8%B7%91%E6%AD%A5%E9%9E%8B-BZtw0m/pid-12050194/pgid-12415555
NikeLab Zoom Fly SP男/女跑步鞋,"￥1,169",https://store.nike.com/cn/zh_cn/pd/nikelab-zoom-fly-sp-%E7%94%B7-%E5%A5%B3%E8%B7%91%E6%AD%A5%E9%9E%8B-xOz8V7/pid-12133200/pgid-12220324
Nike Zoom Fly女子跑步鞋,"￥1,169",https://store.nike.com/cn/zh_cn/pd/zoom-fly-%E5%A5%B3%E5%AD%90%E8%B7%91%E6%AD%A5%E9%9E%8B-cjfQz7/pid-11935592/pgid-12415794
Nike Air Zoom Structure 21男子跑步鞋,￥999,https://store.nike.com/cn/zh_cn/pd/air-zoom-structure-21-%E7%94%B7%E5%AD%90%E8%B7%91%E6%AD%A5%E9%9E%8B-OnTrvzjO/pid-11585172/pgid-11928129
Nike Air VaporMax (GS)大童跑步童鞋,"￥1,069",https://store.nike.com/cn/zh_cn/pd/air-vapormax-%E5%A4%A7%E7%AB%A5%E8%B7%91%E6%AD%A5%E7%AB%A5%E9%9E%8B/pid-12086764/pgid-12415661
Nike Zoom Fly女子跑步鞋,"￥1,169",https://store.nike.com/cn/zh_cn/pd/zoom-fly-%E5%A5%B3%E5%AD%90%E8%B7%91%E6%AD%A5%E9%9E%8B-pvTj312K/pid-11936200/pgid-11631168
Nike Free RN Motion FK 2017男子跑步鞋,"￥1,169",https://store.nike.com/cn/zh_cn/pd/free-rn-motion-fk-2017-%E7%94%B7%E5%AD%90%E8%B7%91%E6%AD%A5%E9%9E%8B/pid-11938142/pgid-11631139
Nike Air Zoom Vomero 13男子跑步鞋,"￥1,099",https://store.nike.com/cn/zh_cn/pd/air-zoom-vomero-13-%E7%94%B7%E5%AD%90%E8%B7%91%E6%AD%A5%E9%9E%8B-gKSMFp/pid-11939871/pgid-12415801
Nike Zoom All Out Low 2女子跑步鞋,"￥1,099",https://store.nike.com/cn/zh_cn/pd/zoom-all-out-low-2-%E5%A5%B3%E5%AD%90%E8%B7%91%E6%AD%A5%E9%9E%8B-bkTvAezL/pid-12050281/pgid-12053372
Nike Air Max Sequent 3男子跑步鞋,￥849,https://store.nike.com/cn/zh_cn/pd/air-max-sequent-3-%E7%94%B7%E5%AD%90%E8%B7%91%E6%AD%A5%E9%9E%8B-RRT9jXJn/pid-12196221/pgid-12053360
Nike Zonal AeroShield女子跑步夹克,"￥1,099",https://store.nike.com/cn/zh_cn/pd/zonal-aeroshield-%E5%A5%B3%E5%AD%90%E8%B7%91%E6%AD%A5%E5%A4%B9%E5%85%8B-9KTdk0yV/pid-11526168/pgid-11979028
Nike Air Zoom Vomero 13女子跑步鞋,"￥1,099",https://store.nike.com/cn/zh_cn/pd/air-zoom-vomero-13-%E5%A5%B3%E5%AD%90%E8%B7%91%E6%AD%A5%E9%9E%8B-gqBnPC/pid-11825532/pgid-12413745
Nike Therma Sphere Element男子长袖跑步上衣,￥699,https://store.nike.com/cn/zh_cn/pd/therma-sphere-element-%E7%94%B7%E5%AD%90%E9%95%BF%E8%A2%96%E8%B7%91%E6%AD%A5%E4%B8%8A%E8%A1%A3-v2TEWpPq/pid-11925327/pgid-11933806
Nike Zoom Pegasus 34 (GS)幼童跑步童鞋,￥669,https://store.nike.com/cn/zh_cn/pd/zoom-pegasus-34-%E5%B9%BC%E7%AB%A5%E8%B7%91%E6%AD%A5%E7%AB%A5%E9%9E%8B-NoKALg/pid-11398676/pgid-12326052
Nike Air Zoom Structure 21男子跑步鞋,￥999,https://store.nike.com/cn/zh_cn/pd/air-zoom-structure-21-%E7%94%B7%E5%AD%90%E8%B7%91%E6%AD%A5%E9%9E%8B-wGf5xg/pid-11938161/pgid-12415659
Jordan Zoom Tenacity男子篮球鞋,￥899,https://store.nike.com/cn/zh_cn/pd/jordan-zoom-tenacity-%E7%94%B7%E5%AD%90%E7%AF%AE%E7%90%83%E9%9E%8B-kWWjrD/pid-11974345/pgid-12415856
Nike Run Division男/女短袖跑步夹克,￥899,https://store.nike.com/cn/zh_cn/pd/run-division-%E7%94%B7-%E5%A5%B3%E7%9F%AD%E8%A2%96%E8%B7%91%E6%AD%A5%E5%A4%B9%E5%85%8B-4NBXGX/pid-11812169/pgid-12398549
Nike Zoom Winflo 4女子跑步鞋,￥729,https://store.nike.com/cn/zh_cn/pd/zoom-winflo-4-%E5%A5%B3%E5%AD%90%E8%B7%91%E6%AD%A5%E9%9E%8B-TV6jhk/pid-11597345/pgid-12412789
Nike Free RN Flyknit 2017男子跑步鞋,￥999,https://store.nike.com/cn/zh_cn/pd/free-rn-flyknit-2017-%E7%94%B7%E5%AD%90%E8%B7%91%E6%AD%A5%E9%9E%8B-pvTjlJM9/pid-11938134/pgid-11498340
Nike LunarSolo女子跑步鞋,￥869,https://store.nike.com/cn/zh_cn/pd/lunarsolo-%E5%A5%B3%E5%AD%90%E8%B7%91%E6%AD%A5%E9%9E%8B-9nBHTP/pid-11831138/pgid-12413220
Nike Air Zoom Vomero 13女子跑步鞋,"￥1,099",https://store.nike.com/cn/zh_cn/pd/air-zoom-vomero-13-%E5%A5%B3%E5%AD%90%E8%B7%91%E6%AD%A5%E9%9E%8B-yATY0O0e/pid-11939875/pgid-12030721
Nike Essential男子梭织跑步长裤,￥499,https://store.nike.com/cn/zh_cn/pd/essential-%E7%94%B7%E5%AD%90%E6%A2%AD%E7%BB%87%E8%B7%91%E6%AD%A5%E9%95%BF%E8%A3%A4-wL4jKB/pid-11534907/pgid-12398891
Nike LunarGlide 9女子跑步鞋,￥969,https://store.nike.com/cn/zh_cn/pd/lunarglide-9-%E5%A5%B3%E5%AD%90%E8%B7%91%E6%AD%A5%E9%9E%8B-v2TEPMkO/pid-12057359/pgid-11817959
Nike Air Max Sequent 3男子跑步鞋,￥849,https://store.nike.com/cn/zh_cn/pd/air-max-sequent-3-%E7%94%B7%E5%AD%90%E8%B7%91%E6%AD%A5%E9%9E%8B-FzQBKq/pid-12019667/pgid-12415585
"Nike AeroSwift4"" 女子跑步短裤",￥499,https://store.nike.com/cn/zh_cn/pd/aeroswift-4-%E5%A5%B3%E5%AD%90%E8%B7%91%E6%AD%A5%E7%9F%AD%E8%A3%A4-RQZx1Z/pid-11506484/pgid-12412785
Nike LunarSolo女子跑步鞋,￥869,https://store.nike.com/cn/zh_cn/pd/lunarsolo-%E5%A5%B3%E5%AD%90%E8%B7%91%E6%AD%A5%E9%9E%8B-rJTGAxrP/pid-11939961/pgid-11865932
Nike Zoom Streak 6男/女跑步鞋,￥849,https://store.nike.com/cn/zh_cn/pd/zoom-streak-6-%E7%94%B7-%E5%A5%B3%E8%B7%91%E6%AD%A5%E9%9E%8B-XPTbxZLN/pid-11936133/pgid-11291261
Nike Free RN Motion FK 2017女子跑步鞋,"￥1,169",https://store.nike.com/cn/zh_cn/pd/free-rn-motion-fk-2017-%E5%A5%B3%E5%AD%90%E8%B7%91%E6%AD%A5%E9%9E%8B/pid-11938143/pgid-11629745
Nike Air Zoom Speed Rival 6男/女跑步鞋,￥629,https://store.nike.com/cn/zh_cn/pd/air-zoom-speed-rival-6-%E7%94%B7-%E5%A5%B3%E8%B7%91%E6%AD%A5%E9%9E%8B-xqTPGZ9J/pid-11825360/pgid-11631119
Nike Free RN 2017女子跑步鞋,￥899,https://store.nike.com/cn/zh_cn/pd/free-rn-2017-%E5%A5%B3%E5%AD%90%E8%B7%91%E6%AD%A5%E9%9E%8B-KyTwwrr7/pid-11938124/pgid-11557286
Nike Air Zoom Structure 21女子跑步鞋,￥999,https://store.nike.com/cn/zh_cn/pd/air-zoom-structure-21-%E5%A5%B3%E5%AD%90%E8%B7%91%E6%AD%A5%E9%9E%8B-moTBNq9b/pid-11585178/pgid-11928130
Nike Free RN CMTR 17 Utility女子跑步鞋,￥929,https://store.nike.com/cn/zh_cn/pd/free-rn-cmtr-17-utility-%E5%A5%B3%E5%AD%90%E8%B7%91%E6%AD%A5%E9%9E%8B-2TRdLK/pid-11936334/pgid-12185653
Nike Shield Convertible男子夹克,￥999,https://store.nike.com/cn/zh_cn/pd/shield-convertible-%E7%94%B7%E5%AD%90%E5%A4%B9%E5%85%8B-olTW4VJj/pid-11924538/pgid-11933803
Nike Free RN CMTR 2017 DX女子跑步鞋,￥929,https://store.nike.com/cn/zh_cn/pd/free-rn-cmtr-2017-510-%E5%A5%B3%E5%AD%90%E8%B7%91%E6%AD%A5%E9%9E%8B-HBj9gG/pid-12135650/pgid-12415997
Nike Dry男子短袖跑步上衣,￥499,https://store.nike.com/cn/zh_cn/pd/dry-%E7%94%B7%E5%AD%90%E7%9F%AD%E8%A2%96%E8%B7%91%E6%AD%A5%E4%B8%8A%E8%A1%A3-XRpdjZ/pid-11528893/pgid-12313686
Nike Run Division男/女短袖跑步夹克,￥899,https://store.nike.com/cn/zh_cn/pd/run-division-%E7%94%B7-%E5%A5%B3%E7%9F%AD%E8%A2%96%E8%B7%91%E6%AD%A5%E5%A4%B9%E5%85%8B-7kV7nj/pid-11812170/pgid-12399077
"Nike Dri-FIT Phenom27"" 男子跑步长裤",￥549,https://store.nike.com/cn/zh_cn/pd/dri-fit-phenom-27-%E7%94%B7%E5%AD%90%E8%B7%91%E6%AD%A5%E9%95%BF%E8%A3%A4-dGgRfM/pid-11533735/pgid-12412740
Nike Air Zoom Pegasus 34 Gem女子跑步鞋,￥899,https://store.nike.com/cn/zh_cn/pd/air-zoom-pegasus-34-gem-%E5%A5%B3%E5%AD%90%E8%B7%91%E6%AD%A5%E9%9E%8B-D2Lc2b/pid-11967840/pgid-12185841
Nike Shield女子跑步夹克,￥999,https://store.nike.com/cn/zh_cn/pd/shield-%E5%A5%B3%E5%AD%90%E8%B7%91%E6%AD%A5%E5%A4%B9%E5%85%8B-eEr7YR/pid-11924333/pgid-12185522
Nike Air Max Sequent 3男子跑步鞋,￥849,https://store.nike.com/cn/zh_cn/pd/air-max-sequent-3-%E7%94%B7%E5%AD%90%E8%B7%91%E6%AD%A5%E9%9E%8B-TH1kVK/pid-11948527/pgid-12413782
Nike Flex 2017 RN男子跑步鞋,￥669,https://store.nike.com/cn/zh_cn/pd/flex-2017-rn-%E7%94%B7%E5%AD%90%E8%B7%91%E6%AD%A5%E9%9E%8B-JmhHgm/pid-11947637/pgid-12413775
Nike Free RN CMTR 2017女子跑步鞋,￥869,https://store.nike.com/cn/zh_cn/pd/free-rn-cmtr-2017-%E5%A5%B3%E5%AD%90%E8%B7%91%E6%AD%A5%E9%9E%8B-jnTpnRwK/pid-11938131/pgid-11631121
Nike Zoom Winflo 4男子跑步鞋,￥729,https://store.nike.com/cn/zh_cn/pd/zoom-winflo-4-%E7%94%B7%E5%AD%90%E8%B7%91%E6%AD%A5%E9%9E%8B-PrJ3cr/pid-11947643/pgid-12404597
Nike Run Swift女子跑步鞋,￥599,https://store.nike.com/cn/zh_cn/pd/run-swift-%E5%A5%B3%E5%AD%90%E8%B7%91%E6%AD%A5%E9%9E%8B-HRhvbF/pid-11948064/pgid-12415261
Nike Lunar Apparent男子跑步鞋,￥669,https://store.nike.com/cn/zh_cn/pd/lunar-apparent-%E7%94%B7%E5%AD%90%E8%B7%91%E6%AD%A5%E9%9E%8B-vdCsG1/pid-11947967/pgid-12413777
Nike Star Runner (PSV)幼童运动童鞋,￥369,https://store.nike.com/cn/zh_cn/pd/star-runner-%E5%B9%BC%E7%AB%A5%E8%BF%90%E5%8A%A8%E7%AB%A5%E9%9E%8B-HwrFwd/pid-11598578/pgid-12413196
Nike Free RN CMTR 2017 DX女子跑步鞋,￥929,https://store.nike.com/cn/zh_cn/pd/free-rn-cmtr-2017-510-%E5%A5%B3%E5%AD%90%E8%B7%91%E6%AD%A5%E9%9E%8B-00MngX/pid-12135649/pgid-12186045
Nike Zoom Streak 6男/女跑步鞋,￥849,https://store.nike.com/cn/zh_cn/pd/zoom-streak-6-%E7%94%B7-%E5%A5%B3%E8%B7%91%E6%AD%A5%E9%9E%8B-JxQpKZ/pid-11935220/pgid-12413670
Nike Zoom Winflo 4女子跑步鞋,￥729,https://store.nike.com/cn/zh_cn/pd/zoom-winflo-4-%E5%A5%B3%E5%AD%90%E8%B7%91%E6%AD%A5%E9%9E%8B-1gH54g/pid-11947658/pgid-12415251
Nike LunarSolo男子跑步鞋,￥869,https://store.nike.com/cn/zh_cn/pd/lunarsolo-%E7%94%B7%E5%AD%90%E8%B7%91%E6%AD%A5%E9%9E%8B-gCG8gr/pid-11939960/pgid-12411685
Nike Star Runner (TDV)婴童运动童鞋,￥299,https://store.nike.com/cn/zh_cn/pd/star-runner-%E5%A9%B4%E7%AB%A5%E8%BF%90%E5%8A%A8%E7%AB%A5%E9%9E%8B-KyTw2obo/pid-11591789/pgid-11880284
"Nike Run Division27.5"" 男子跑步长裤",￥849,https://store.nike.com/cn/zh_cn/pd/run-division-27-5-%E7%94%B7%E5%AD%90%E8%B7%91%E6%AD%A5%E9%95%BF%E8%A3%A4-v7tSKS/pid-11812152/pgid-12399074
Apple Watch Nike+38 毫米运动型表带,￥398,https://store.nike.com/cn/zh_cn/pd/apple-watch-38-%E6%AF%AB%E7%B1%B3%E8%BF%90%E5%8A%A8%E5%9E%8B%E8%A1%A8%E5%B8%A6-xvXkqA/pid-12009032/pgid-12027215
Nike Free RN CMTR 17 Utility女子跑步鞋,￥929,https://store.nike.com/cn/zh_cn/pd/free-rn-cmtr-17-utility-%E5%A5%B3%E5%AD%90%E8%B7%91%E6%AD%A5%E9%9E%8B-DSJ2Fk/pid-11967380/pgid-12416038
Nike Star Runner (GS)大童跑步童鞋,￥399,https://store.nike.com/cn/zh_cn/pd/star-runner-%E5%A4%A7%E7%AB%A5%E8%B7%91%E6%AD%A5%E7%AB%A5%E9%9E%8B-WyTA407w/pid-11591783/pgid-12030613
Nike Flex 2017 RN女子跑步鞋,￥669,https://store.nike.com/cn/zh_cn/pd/flex-2017-rn-%E5%A5%B3%E5%AD%90%E8%B7%91%E6%AD%A5%E9%9E%8B-kvvHkw/pid-11947648/pgid-12413776
Nike Air Zoom Speed Rival 6男/女跑步鞋,￥629,https://store.nike.com/cn/zh_cn/pd/air-zoom-speed-rival-6-%E7%94%B7-%E5%A5%B3%E8%B7%91%E6%AD%A5%E9%9E%8B-RV6V6n/pid-11935472/pgid-12413680
"Nike Dri-FIT Element25"" 女子跑步长裤",￥499,https://store.nike.com/cn/zh_cn/pd/dri-fit-element-25-%E5%A5%B3%E5%AD%90%E8%B7%91%E6%AD%A5%E9%95%BF%E8%A3%A4-F5LSSf/pid-11533372/pgid-12412730
Nike Utility男子跑步长裤,￥649,https://store.nike.com/cn/zh_cn/pd/utility-%E7%94%B7%E5%AD%90%E8%B7%91%E6%AD%A5%E9%95%BF%E8%A3%A4-lkTPXNx8/pid-11922242/pgid-12185473
Nike Run Division男子长袖跑步上衣,￥649,https://store.nike.com/cn/zh_cn/pd/run-division-%E7%94%B7%E5%AD%90%E9%95%BF%E8%A2%96%E8%B7%91%E6%AD%A5%E4%B8%8A%E8%A1%A3-bVpFqC/pid-11812171/pgid-12399078
Nike Air Zoom Streak LT 4跑步鞋,￥699,https://store.nike.com/cn/zh_cn/pd/air-zoom-streak-lt-4-%E8%B7%91%E6%AD%A5%E9%9E%8B-rJTGXlVB/pid-11935666/pgid-12185641
Nike Therma Sphere Element男子长袖跑步上衣,￥699,https://store.nike.com/cn/zh_cn/pd/therma-sphere-element-%E7%94%B7%E5%AD%90%E9%95%BF%E8%A2%96%E8%B7%91%E6%AD%A5%E4%B8%8A%E8%A1%A3-BV7btp/pid-11922243/pgid-12415530
Nike Flex 2017 RN女子跑步鞋,￥669,https://store.nike.com/cn/zh_cn/pd/flex-2017-rn-%E5%A5%B3%E5%AD%90%E8%B7%91%E6%AD%A5%E9%9E%8B-9KTd8N4W/pid-11947654/pgid-11631083
Nike Therma Sphere Element女子长袖跑步上衣,￥599,https://store.nike.com/cn/zh_cn/pd/therma-sphere-element-%E5%A5%B3%E5%AD%90%E9%95%BF%E8%A2%96%E8%B7%91%E6%AD%A5%E4%B8%8A%E8%A1%A3-6MnLLm/pid-11925317/pgid-12185554
Nike Utility男子跑步长裤,￥649,https://store.nike.com/cn/zh_cn/pd/utility-%E7%94%B7%E5%AD%90%E8%B7%91%E6%AD%A5%E9%95%BF%E8%A3%A4-xh5k4X/pid-11922237/pgid-12415604
Nike Elite Lightweight No-Show Tab跑步袜（1 双）,￥99,https://store.nike.com/cn/zh_cn/pd/elite-lightweight-no-show-tab-%E8%B7%91%E6%AD%A5%E8%A2%9C%EF%BC%881-%E5%8F%8C%EF%BC%89-3zTbLAnE/pid-10953863/pgid-11287951
Nike Air Max Sequent 3 (GS)大童跑步童鞋,￥699,https://store.nike.com/cn/zh_cn/pd/air-max-sequent-3-%E5%A4%A7%E7%AB%A5%E8%B7%91%E6%AD%A5%E7%AB%A5%E9%9E%8B-cRbPL4/pid-12055002/pgid-12415513
"Nike Dri-FIT Phenom27"" 男子跑步长裤",￥549,https://store.nike.com/cn/zh_cn/pd/dri-fit-phenom-27-%E7%94%B7%E5%AD%90%E8%B7%91%E6%AD%A5%E9%95%BF%E8%A3%A4-W6Vcqr/pid-11923028/pgid-12413644
Nike Essential男子跑步长裤,￥499,https://store.nike.com/cn/zh_cn/pd/essential-%E7%94%B7%E5%AD%90%E8%B7%91%E6%AD%A5%E9%95%BF%E8%A3%A4-v2TERLzq/pid-11922261/pgid-12133830
Nike Air Max Sequent 3 (GS)大童跑步童鞋,￥699,https://store.nike.com/cn/zh_cn/pd/air-max-sequent-3-%E5%A4%A7%E7%AB%A5%E8%B7%91%E6%AD%A5%E7%AB%A5%E9%9E%8B-MLHXsV/pid-12054999/pgid-12416046
Nike Epic Lux女子跑步紧身裤,￥649,https://store.nike.com/cn/zh_cn/pd/epic-lux-%E5%A5%B3%E5%AD%90%E8%B7%91%E6%AD%A5%E7%B4%A7%E8%BA%AB%E8%A3%A4-r4jNnR/pid-11949273/pgid-11970881
Nike Zoom Pegasus 34 (GS)幼童跑步童鞋,￥669,https://store.nike.com/cn/zh_cn/pd/zoom-pegasus-34-%E5%B9%BC%E7%AB%A5%E8%B7%91%E6%AD%A5%E7%AB%A5%E9%9E%8B-1Fsq1X/pid-11950988/pgid-12413833
Nike Air Max Sequent 3 (PS)幼童运动童鞋,￥569,https://store.nike.com/cn/zh_cn/pd/air-max-sequent-3-%E5%B9%BC%E7%AB%A5%E8%BF%90%E5%8A%A8%E7%AB%A5%E9%9E%8B-c2ftqX/pid-12115150/pgid-12415773
Nike Run Division男子长袖跑步上衣,￥649,https://store.nike.com/cn/zh_cn/pd/run-division-%E7%94%B7%E5%AD%90%E9%95%BF%E8%A2%96%E8%B7%91%E6%AD%A5%E4%B8%8A%E8%A1%A3-l0vnKE/pid-11825626/pgid-11988494
Apple Watch Nike+42 毫米运动型表带,￥398,https://store.nike.com/cn/zh_cn/pd/apple-watch-42-%E6%AF%AB%E7%B1%B3%E8%BF%90%E5%8A%A8%E5%9E%8B%E8%A1%A8%E5%B8%A6-pZqn1E/pid-12009035/pgid-12027216
Nike Elite - Compression跑步小腿护套（1 对）,￥169,https://store.nike.com/cn/zh_cn/pd/elite-compression-%E8%B7%91%E6%AD%A5%E5%B0%8F%E8%85%BF%E6%8A%A4%E5%A5%97%EF%BC%881-%E5%AF%B9%EF%BC%89-pvTjl9EL/pid-11159042/pgid-11493189
Nike Tailwind女子长袖跑步上衣,￥399,https://store.nike.com/cn/zh_cn/pd/tailwind-%E5%A5%B3%E5%AD%90%E9%95%BF%E8%A2%96%E8%B7%91%E6%AD%A5%E4%B8%8A%E8%A1%A3-hcwlLJ/pid-11779997/pgid-12412860
Nike Run Division男子长袖跑步上衣,￥599,https://store.nike.com/cn/zh_cn/pd/run-division-%E7%94%B7%E5%AD%90%E9%95%BF%E8%A2%96%E8%B7%91%E6%AD%A5%E4%B8%8A%E8%A1%A3-jTwBKH/pid-11812149/pgid-12398706
Nike Lean跑步腰包,￥189,https://store.nike.com/cn/zh_cn/pd/lean-%E8%B7%91%E6%AD%A5%E8%85%B0%E5%8C%85-NwTzoD3Y/pid-11673707/pgid-11292416
Nike Therma Sphere Element女子半长拉链开襟长袖跑步上衣,￥549,https://store.nike.com/cn/zh_cn/pd/therma-sphere-element-%E5%A5%B3%E5%AD%90%E5%8D%8A%E9%95%BF%E6%8B%89%E9%93%BE%E5%BC%80%E8%A5%9F%E9%95%BF%E8%A2%96%E8%B7%91%E6%AD%A5%E4%B8%8A%E8%A1%A3-pvTjn3q9/pid-11779823/pgid-11933808
Nike Air Max Sequent 3 (GS)大童跑步童鞋,￥699,https://store.nike.com/cn/zh_cn/pd/air-max-sequent-3-%E5%A4%A7%E7%AB%A5%E8%B7%91%E6%AD%A5%E7%AB%A5%E9%9E%8B-gL1Zwd/pid-11837239/pgid-12415671
Nike Pocket跑步臂带,￥349,https://store.nike.com/cn/zh_cn/pd/pocket-%E8%B7%91%E6%AD%A5%E8%87%82%E5%B8%A6-VrTWWJrm/pid-11296259/pgid-11500669
