评论数,阅读数,时间,标题,内容
12004,8694722,2017-12-31,世事短如春梦，人情薄似秋云。不须计较劳苦心，,"
                            
                            世事短如春梦，人情薄似秋云。不须计较劳苦心，万事原来有命。 幸遇三杯酒好，况逢一朵花新。片刻欢笑且相亲，明日阴晴未定。诚祝列位友友新年吉祥，投资顺利！
"
2346,1427304,2017-11-14,心诚则灵~每天拜一拜~[拜神][拜神][拜神]会中签,"
                            
                            心诚则灵~每天拜一拜~会中签~没中过签的~顶~顶~顶祝您发财心想事成 
"
211,84345,2017-12-27,A股仍是震荡行情，做波段为主,"
                            
                            由于9月份账号被盗，一直没处理好，索性请管理员将我的账号设置为禁言状态，然后很久没上股吧发分析。2017年很快结束了，我觉得应该有一个年底总结及对2018年行情之展望，所以昨日通知管理员将本人账号解除禁言。时间是检验真理的唯一标准，2017年结构性行情比2016年更难操作，这一点我在年初的时候就说过。8月份也指出这两年只有震荡市，别幻想牛市。本人2017年1月2日我发《2017年大盘趋势分析及行情展望》，完全吻合今年的行情趋势。现在去回顾一遍，就会明白我的分析价值所在。本人以往经常提醒粉丝，做人要有格局，做股票也是，不要盲目跟风看涨看跌。一曰牛市，一曰股灾！天堂湖一直用客观，理性的分析，才能洞察大盘方向。虽然小波动有失误，但绝大多数是比较准确的。并且所有分析观点观点明确，直观，不模棱两可。2016年成功预测了2638-3090， 2780-3300两个大波段。2017年元旦预测了今年大盘高点在3400附近。2017年5月16日提示大盘会二次探底，然后走主升行情，但高点不超过3500。8月11日再次提示，今年没有牛市，只有震荡市，我会一直给幻想牛市的人泼冷水。2017年实际走势基本印证了我的预测！2018年元旦假期，天堂湖会对2018年A股行情做全面剖析，届时发到上证吧与大家一同分享。敬请期待！ 
"
537,243764,2017-11-23,感恩节[亏大了],"
                            
                            感恩节
"
87,20084,2017-05-24,上吧流行晒照，来张裸de,"
                            
                            24日市场无行情，上吧流行晒照...来张裸de，..... 
"
376,145558,2017-08-18,[心碎][心碎][心碎][心碎]人生莫摧残，最忆是四,"
人生莫摧残，最忆是四月总有一种追忆，叫魂牵梦绕总有一种记忆，叫刻骨铭心总有一种伤痛，叫撕心裂肺身处夏日，心若冰窟。一句毫不起眼的话，刹那间灼痛了我的神经，用千年寒冰磨出的冰锥深深地扎进了我的心。项庄舞剑，意在沛公。这个经典专为我而设了现代版？那时，我已心如刀绞，不能自己。与你相识，缘于华平。支言碎语，泛泛相交。三月末，思量何处去？冥冥之中，仙岛浮现，耳语：“大山那一头，是海，随我去吧。”于是，我追随那遐想的无限美好，来到了上证股海。你诗文歌赋，无所不能，信手沾来。我仰望。你礼让谦恭，德才兼备。我敬仰。与你聊上一聊，如沐春风，时光倒转也不为过。但那一刻，我已悲痛不绝。你，终于离开了我。都说男儿有泪不轻弹。浴血奋战的将士倒下，战友不该流泪吗？挚友无言，转身不见，不能流泪吗？那时那刻，我只盼去中印边境，去拼杀外敌，去捍卫祖国母亲！哀莫大于心死。昨日还去一帖，毛遂自荐为上证最无耻之人。心已死，只剩空空臭皮囊。人生，毫无生气。朋友说，触动了最软弱的一处才会心痛；朋友说，诸事繁多，无心之语，不必责备。是的，他们说的很对。很多朋友因一言一语或一事，产生隔阂而冷漠如路人。那么，我的取消关注，是一种伤害。你说，假如真有刻薄与怠慢，一定是在气头上，或是无心之失……，此时此刻，我相信后者，一定是后者。而我把你拉黑，更是一种无理智的表现。这几个月，望着熟悉的不能再熟悉的几支股票，就像一块大石压在胸口，让我喘不上气。只因为你重仓它们，如同宝贝，不离不弃。但魔鬼偏偏对它们下了诅咒一般，一跌再跌。你心痛泪流，我流泪痛心。四个月来，无时无刻，我一直在你身边。说的不多，默默关注。你的喜怒哀乐就是一首首诗，一支支歌。而我，就是那欣赏者，聆听者。最美的秋天，踏着优雅的脚步，来到你我身边。带着爽朗的笑声，说一声对不起，只想让你快乐。最美的秋天，风儿也调皮。让风黄的树叶互相追逐，说一声对不起，只想让你跳舞。最美的秋天，雨儿也可人，弹起那动人的音乐，说一声对不起，只想让你把歌唱……大山那一头，是海，随我去吧。人生莫摧残，最忆是四月。 
                        "
25,9578,2017-04-14,未来的畅想图两种，可以选一个适合目前市场行情,"
                            
                            未来的畅想图两种，可以选一个适合目前市场行情的指数失真较大的话，那么就选第一个。后面的具有客观性，从中长线角度看，都有合理性。 
"
1848,461602,2017-11-11,看看《股市预测，无人超越》货色,"
                            
                            未言老师影响力 吧龄 6.3年09-25 21:37 来自股吧网页版2017年前半年（2月--7月）大盘分月走势全部预测帖汇总前半年共计预测6个月，预测准确率百分之九十五到百分之百【九月底发帖说：2-7月预测准确率百分之九十五到百分之】【那为什么没有8月呢，，因为8月预测自己都看不过去了】未言老师影响力 吧龄 6.3年09-27 13:51 来自股吧网页版股市预测，无人超越月预测小错8月后半月（大涨了两天）【咱们就来看看所谓的小错】未言老师影响力 吧龄 6.3年08-14 19:10 大盘从本月18日开始再次彻底震荡下跌2017年2月份（壬寅月）大盘预测分析；等月底左右继续震荡上涨【是不是错了】2017年3月中旬后大盘指数日预测建议本月29日高位减仓或者清仓【错了没】【是不是29日前后多错了，是割肉吧】【再来看看单日预测】未言老师影响力 吧龄 6.3年02-07 22:13 2017年2月8日（丙寅日）大盘走势预测大盘大方向走势为横盘震荡，收小阴。【实际：大盘中阳涨30点】2017年3月中旬后大盘指数日预测；本月大盘大方向水木为用，火土为忌。壬寅日中阳（16）中阳！癸卯日中阳（17）中阴×甲辰日、乙巳日休息丙午日横盘（20）小阳×丁未日小阳（21）小阴×戊申日小阴（22）小阴×己酉日小阳（23）盘阳#庚戌日横盘（24）小阳×辛亥日、壬子日休息癸丑日小阳（27）盘阴#甲寅日小阳（28）小阴×乙卯日小阳（29）小阴×丙辰日小阴（30）中阴#丁巳日小阴（31）小阳×戊午日、己未日休息庚申日小阴（鄙视预测）×辛酉日中阴（算你厉害）×哈哈哈，，还三周预测，，错了多少奶奶的，，闭市能预测，，真是搞笑奶奶的，，都不想往下翻了，还收徒 
                        "
107,45530,2017-12-30,18年希望所在！,"
                            
                            18年希望所在！主力在行动！做调仓换股，赢在底部！【亡羊补牢；为时不晚】价格始终环绕着价值上下波动！脱离价值都为背道而驰。股市是资本逐利；没有善人。――业绩为王！【分享红利；水涨船高】炒股就炒赚钱多的、负债轻的、估值低的好公司！【叫经济有实力、竞争显活力、发展有动力、上涨有潜力】一类、是次新股【股价接近发行价的，业绩保持增长】D―也叫成长股二类、是经营业绩，逆转高增长(每季度经营稳步)动态市盈率10倍左右(中盘以下)。――黑马优胜劣汰；适者生存；亘古不变！【股市有风险 入市需谨慎】 
                        "
11,7461,2017-09-12,各位大师们，都出来吹吹牛[微笑],"
                            
                            各位大师们，都出来吹吹牛 
"
16,6059,2017-07-23,新股在这样发下去 会怎么样呢,"
                            
                            每年500只 现在是2500小盘股 5年后 5000只小盘股小盘股票一年发300只 为什么会涨呢 原因是什么 不外是货币超发 后来甚至弄杠杆了 暴涨不奇怪现如今的中国经济 会继续大量印钞票么 不可能了加杠杆也被打压了那么5年后的中国股市会怎么样呢小盘股市值还不如港股呢 目测有一个亿市值就不错 
                        "
20,14668,2017-11-18,恶炒新股的弊端,"
                            
                            1、造成新股供不应求的假象，有了新股大量发行的理由。其实老股无人问津，大多长跌不止。2、新股股价虚高，吸引更多的公司不择手段要上市，堰塞湖永远解决不了。3、新股恶炒，引解禁股东迫不及待要抛售，最终上市就是为了抛股票，最终抛弃公司，留洋海外6161614、大盘失血，老股血流成河616161616161这些都明摆着的事，为什么熟视无睹，就是为了新股＂繁荣＂，发行者吃香616161新股挤牙膏式上市就是这些人耍的阴招，就是不推全流通上市，让你们恶炒去吧，他们再来谴责，两头做好人616161 
                        "
46,24873,2017-12-20,热烈欢迎战友们来点帖，2017年我司马懿马哥最后,"
                            
                            热烈欢迎战友们来点帖，2017年我司马懿马哥最后一个帖，关注我输了可以东山再起，怕了却大势已去，我用准准说准，波段高点，黎明按时啼叫，说准挣钱点，打断骨头我要站在散户一边。和战友们同步，来点赞 
"
102,31328,2017-12-28,2017年总结，好多战友们遍地鳞伤亏钱，总有一天,"
                            
                            2017年总结，好多战友们遍地鳞伤亏钱，总有一天成为强壮的秘方，我司马懿马哥在上证指数吧指点迷津，散发光芒，就像萤火之光，穿过黑暗，照亮战友们的心，祝战友们在2018年买就挣，买就发财，准准准 
"
828,168456,2017-12-05,天下第一大傻子：风筝！出手必被捉，精准！,"
                            
                            精准卖到最低点，瞪眼放过上涨，出手瞬间遭擒拿，都不带喘口气的。愚之操作循环往复，永远没个完！天字第一号大傻子：风筝！ 
"
551,105205,2017-11-27,风筝记忆，只有七秒。周初礼仪贴,"
                            
                            风筝操作三步曲：底部割肉，遇涨不追，顶部套牢。嗷嗷叫！愚之操作，往复循环，何日终了！咋就不长记性捏？ 
"
72,32202,2017-12-25,大家都迷茫吗来我来给你解惑,"
                            
                            今天不要怕最晚两点大盘给你往上反。想要打个翻身仗？鼓足勇气就是干！股指冲破3300，黄金坑里布局的时间不多了，坚决看涨后市，坚决干活不动摇！沪指在上次打穿暖气带下沿3308一线后形成向下转势的节点，这个点画一条水平线，水平线下方就是“黄金坑”，这个坑就是万人坑，是南京J大T杀中小日B鬼子屠戮我G民的滔天罪证，我们的大A股目前正在经历的就是这么一个惨案，为什么说惨案，因为在这个坑里会有万千散户要将手中血淋淋的筹码低价交给庄家，而庄家底部收集筹码的目的也就达到了！就是底部黄金坑位置区间不要在割肉，选错品种后市反弹出局来得及，好公司要珍惜筹码，紧紧地抱在怀里不撒手！黄金坑：其实就是庄家无中生有，迫使股价过分下跌，打穿散户深谙的一些技术要领，比如均线、重要支撑位置、各种技术的拐点等等，造成恐慌性抛售，最大限度的打压出跟风筹码和套牢资金！ 
"
540,632159,2017-03-29,风险极大，尽早减仓。,"
                            
                            后面的钱让别人赚去吧。 
                        "
1330,775989,2017-11-28,长风破浪会有时,"
                            
                            长风破浪会有时
"
17,8447,2017-07-17,现在的乐视有点当年雷曼的味道！,"
                            
                            现在的乐视有点当年雷曼的味道！ 
                        "
3,1757,2017-12-29,2018~~~迎接  投机取巧过度炒作泡沫后的---千股,"
                            
                            2018~~~迎接 投机取巧过度炒作泡沫后的---千股妖斩！！！ 没有幸免！！！ 啊…… 靠编故事 编题材的~~疯狂投机炒作穿帮！！！！啊…… 
                        "
44,15605,2017-12-27,2018~~   千股妖斩！！！啊……,"
                            
                            2018~~ 千股妖斩！！！啊…… 
                        "
8,4588,2017-12-30,2018~~   不怕你钱多，投机取巧过度炒作泡沫破,"
                            
                            2018~~ 不怕你钱多，投机取巧过度炒作泡沫破裂，爹得灵魂出窍！！！啊…… 价值回归！！！！ 
                        "
108,38104,2017-12-22,"上证2018年要涨到3800以上,必须买龙头股!","
                            
                            指数我是看多的。2018年3096-4000，4184？点区间！也就餐是不是先涨到达高点后才会往3096跌，不到则不会！选股没选对,会继续指数涨你的股不涨!深圳指数也可能更强!我们越来越和国际接轨了2-8现象才是正常的所以，要买龙头，买在这个行业最好的！2-8现象才是正常的什么是龙头？各行各业做得最好的（啥是最好？产品占有率高，利润大啊）；可以是大盘，也可以是小的，只要在本行业最好！！可以世界级别，也可以国内级别！我坚持认为，纳入指数后，分化是必然，大部分不是龙头的股将成死股，仙股！！中国以后将不再说什么一线二线蓝筹，说龙头不管盘子大盘子小，找每个行业的龙头，可以细分！！可以是国际龙头，也可以是国内龙头什么是龙头？从规模，销售额，市场占有率，利润等来看！！买龙头是价值投资的首选！；不是龙头的，最末尾的亏损就先死股，符合退市条件再退市；；但末尾的如果重大改观超过老2，可以暴涨一下，但不好把握！京东方,中国中车，中国建筑，都是好的龙头公司！美国股市,从波浪理论,从KDJ等技术指标看,感觉5浪走完,要进行技术下跌,但就一直创新高,归根结底是其上市公司多数是龙头有好的基本面;而好多基本面不好的早每年退市好多或成死股,死了也就没下跌动能了.美国股民享受到了收益!中国股市;格力电器,云南白药,,等股票,上涨百倍,从波浪理论,从KDJ等技术指标看,感觉要进行技术下跌,但就一直创新高,归根结底是其上市公司有好的基本面;买它们的中国股民享受到了收益;不用担心被洗,心安理得!所以,全球市场都好在重视基本面,进行价值投资!价值投资,我先分为3种!1.公认的业绩优良白马龙头股，如工行，万科，云南白药，长江电力，格力电器等，在出现阴线介入，做长期大波段！(我国已经成为世界第二经济体,此类股票在增加,以后注重科技的科技智造股也会增加,推荐潜力是京东方)2.业绩垃圾，股价垃圾（要足够低），跌得一踏糊涂很低，众人唾骂，但由于经营应者努力，而且由于多年卧薪尝胆,业绩大增,并有多项世界国内第一,会在短时间内暴涨一下,但由于成长为世界或国内龙头且前景广阔,则会再继续涨,而在涨了好几年后,大家忽然觉得它已经成了1类.如我最看好的京东方(京东方过去是垃圾,现在是大黑马,几年后股价16元以上了,会被封为1类白马的).(我国已经成为世界第二经济体,此类股票在增加,而且科技智造类也会增加)3.业绩垃圾，股价垃圾（要足够低），跌得一踏糊涂很低，众人唾骂，但由于经营应者努力，会发生对业绩有巨大改观的事件叫事件驱动（这个事件杜绝没有根据的猜测，必须能对业绩有真正的影响，不是意淫），会在短时间内暴涨一下！但涨的确幅度不大,且还看不到成长为世界或国内龙头的迹象,持续性相对差!1是公认的，3是最不好把握的，也是有风险的，可能进去了仍然死水一潭！2是信息公开的!!我最喜欢2!000725还要涨时间和幅度很大!如果没有这3种情况,大部分股只能是平平的死水一潭;我国过去,曾恶炒3类,现在3类也逐渐不好炒了,还是价值投资吧!先找行业，再找每个行业的龙头来买!!那些资金,无论是什么游资,再用老手法,比如低位骗散户割肉,配合配合公司拉高再出货的卑劣手法越来越不适用,这只看筹码,散户跟着庄喝其他散户的血的手法已经彻底完蛋,只有有群众基础的股才是好进货好出货!一些散户,一直强调稠码在机构手里,和机构和其他散户的血,请问,这样的庄会给散户发钱吗?不会,只会喝你的血;;只有企业是好企业,成为世界国内龙头,市值增加,业绩增加，才能获利!总之,和世界接轨了,老的手法不适用了,各位今年已经看到了,今后更是这样;整天没成交的股越来越多 
                        "
48,27269,2017-02-25,12年资产增值8.32倍的的公司发行新股上市后值多,"
                            
                            ---加权净资产-净资产-每股净年度｜收益率%-收益率-资产元--年度｜三季｜中期｜一季----历年分红情况(含税)2016｜ 16.03 ｜17.80｜6.350｜0.92｜0.78｜0.53｜0.27｜2015｜ 17.11 ｜18.71｜5.780｜0.91｜0.77｜0.53｜0.27｜10派2.74元2014｜ 18.34 ｜19.74｜4.970｜0.91｜0.76｜0.52｜0.26｜10派3.01元 2015-06-302013｜ 20.14 ｜21.23｜4.260｜0.86｜0.71｜0.48｜0.24｜10派3元2014-07-092012｜ 20.51 ｜21.98｜3.770｜0.77｜0.63｜0.43｜0.21｜10派2.68元2013-06-202011｜ 20.87 ｜22.51｜3.240｜0.68｜0.56｜0.37｜0.19｜10派2.365元2012-06-212010｜ 19.35 ｜22.61｜2.800｜0.56｜0.47｜0.30｜0.15｜10派2.1220元2011-06-232009｜ 19.22 ｜20.87｜2.380｜0.46｜0.37｜0.24｜0.11｜10派2.02元2010-07-07 2008｜ 19.87 ｜20.68｜1.990｜0.40｜0.36｜0.25｜0.14｜10派0.837元2009-06-23 2007｜ 16.40 ｜19.50｜1.810｜0.30｜0.25｜0.15｜----｜10派1.105元2008-11-14 2006｜ 14.03 ｜15.00｜1.470｜0.21｜ ================ 10派0.65元2008-06-23 2005｜ 16.38 ｜21.75｜1.280｜0.24｜2004｜ 25.08 ｜22.99｜1.010｜0.26｜2004年底的每股净资产1.01元2016年底的每股净资产6.35元,加分红2.05元合计8.40元,12年增值8.32倍 
                        "
44,33074,2017-11-18,唉，一个好端端菇市就这样越搞越烂了，又要去学,"
                            
                            唉，一个好端端菇市就这样越搞越烂了，又要去学老外～上次搞融资融券3版灾，现在又搞大权重股撑a指狂拉高价白马美其名曰价值投资个股哀鸿漂仙，也十足4版灾！ 
                        "
68,16583,2017-07-23,人妖心想事成屎600708西南投资咨询骗子公司，专,"
                            
                            人妖心想事成屎600708西南投资咨询骗子公司，专职骗一些韭菜入局导至亏损累累，伤心欲绝，有图为证！ 
"
5,4471,2017-11-19,来一个大胆的预测，只做娱乐，如预测实现来个中,"
                            
                            来一个大胆的预测，只做娱乐，如预测实现来个中等意思，请称呼我武哥[捂脸]。预测标的 上证指数预测涨跌 指数下跌至2638附近 上下50点预测时间 以17.11.14起下跌17周正负2 周 注:下跌是指一个波段，一个下跌浪 下跌完成才会有新行情，一轮比  较大级别的下跌。预测目的 验证自己的分析 2017.11.20 学无止境 小武 
                        "
5,6310,2017-12-04,三年可能翻倍的股票,"
                            
                            ＜＜三年能翻倍的股票＞＞的贴名是我在2014年5月4日在**股市论坛发过的一个贴子,结果一年内翻了二倍的交通银行.今天我再用这个老贴名,介绍的是光大银行H股,近日光大银行H股在3.63港元,2017年5月2日，光大银行发布公告,定向大股东和央企华侨城增发65.69亿股H股筹资约350亿港元, (其中华侨城认购42.38亿H股，光大集团认购23.31亿H股)，认购价为每股5.3283港元，较3.60港元溢价约48.01%。认购股份受自完成日期起计60个月的禁售期规限。预计增发时间在明年一季度,2017年7月26日的公告：中国银监会原则同意本行非公开发行不超过58.10亿股H股股票的方案；同意中国光大集团股份公司认购本行不超过1,610,000,000股股份，合计持有本行不超过15,221,827,402股股份，占本行本次发行后总股本比例不超过29.00%；同意华侨城集团公司认购本行不超过4,200,000,000股股份，占本行本次发行后总股本比例不超过8.00%；核准修订后的《中国光大银行股份有限公司章程》。 
                        "
848,181952,2017-12-27,小风筝飘过是个大骗子！,"
                            
                            风筝曾言：“风雨同舟、熊市挣友、现今唯一可赌者，人品也！”详查其状，此乃诬言！　　风筝草包技低而胆弱，一则曰股灾已至，再则曰多头已亡，三则曰无人敢玩。且力劝其粉销户离场，何谓风雨同舟？　　熊市挣友，牛市若何？且夫今日之市，牛熊交织，岂能断言？熊市终结之日，亦牛市毙亡之时，何谈挣友？　　向闻股市之真神者，大道若简，得上不虚、遇下不危，言明而易知，行明而易从。今风筝草包繁言琐技以蛊世，连篇累牍论涨跌，行不可明于众，谋不能通于友，此非君子之行也。　　君子笑之，则曰：“新兵焉知良技？”此良技哉？股市如商，赚钱为王，风筝之技，十战九亏，日消月割，亏匮立至。　　君子示之，则曰：“汝何眼曾睹已入？”收盘后而言买，穿越后而言卖，曾子曰：与人谋而不忠，与友交而无信！大类此人乎？　　君子劝之，则曰：“江波阿卵、阿青B。。。。。。。”　　呜呼，股市行骗之道亦多矣，行骗之人非少矣！皆瞠目张口曰：“吾非骗子也！”　　股市之骗术，莫大于马后之炮、穿越之功！风筝草包用此骗术可谓极矣，无日不放、无时不穿！污邪诈伪，孰大于此？风筝草包其术之愚，为天下笑，尚力饰其讳，不知天下之让四至矣。尚言人品哉？ 
"
679,139810,2017-10-13,2017年赌场年中总结：小风筝飘过取代李林浦成为,"
                            
                            随着时间的飘逝，曾经的赌场高手玉萧子消失了，李林浦沉沦了，而小风筝飘过以迅猛的势头崛起于赌场。从2017年5月份开始，每月一贴，每贴点击率超百万，人气十足。小风筝飘过1973年生仁，年纪已45岁，但仍精力充沛，每天18个小时在线刷贴，虽节假日不免。小风筝飘过以技术立贴，但屡战屡败，屡败屡战，至今已亏钱过半，仍不省悟，不断叫嚣自己又赚了多少多少。实际已被大盘玩傻，吃不下饭睡不着觉，长此以往不禁令人担忧：身体能吃的消吗？小风筝飘过虽本钱快亏没了，但骂人的伎俩却与日俱增，如果有人好心劝说，则不是拉黑就是满嘴喷粪。至今在上证吧已无朋友，即使有个别问股的，其实也只是想看一看此草包的解答而反向操作而已。此草包的操作不是割肉就是套牢，所以，此草包最怕有人揭露其真相。一旦有人指出，立即老羞成怒！无知！无耻！还耍赖！呜呼，自大之心已把自己弄成了类似精神病模样！何时醒悟？能怨股市吗？ 
"
368,85481,2017-11-10,小风筝飘过，你还有脸么？,"
                            
                            小风筝飘过，你还有脸么？ 
"
3922,586511,2017-12-04,小风筝飘过，退出股市吧！你真不行！,"
                            
                            风筝启：　　近闻风筝抄底获浮盈，本师贺也！然，虽有胜之名，而有亡之实！何也？　　短长也！　　技战操盘，公之短也；巧言自欺，公之长也！舍其所长，之其所短，则谓之拙。长短共操，先害其身，复招天下之骂，则谓之贱！　　竭泽而渔，岂不得鱼？而明年无鱼！　　诈伪之道，虽今偷可，后将无复，非长术也！　　由此观之，智弱而好敌强、脑残而触众怨，其祸必重！　　况本师闻：人之行，莫大于孝！不敬其亲，谓之悖礼。风筝者，挑担挽筐远赴之沪，十八年不问其家，父母在堂，义无归志。逐日争强于互网，时时口舌于上吧。不孝其亲、寡信于友，他人先祖常绕舌上，人之父母随出口边！粉丝一千，树敌八百；骂人万言，自受八千。辱及父母，甚不义矣！　　况身体发肤，受之父母！父母之爱子，情也深兮意也至真！汝朝出而晚来，则父母倚门而望；汝暮出而不还，则父母倚闾而望！风筝弱智，甚恋此是非之地而不返，使垂老之父母含羞入地，何以见汝之先人哉！　　顾本师念之，风筝草包虽于赌场亏尽，其身尚全。本师仁慈，试为风筝计之：　　光腚而归，虽为天下笑，然则全身而返，父母必喜！此为公计者一也！　　身全不归，妄孤注一掷，终则断肢残体，父母必忧！此为公计者二也！　　体残智乱，仍疲奔股市，终则与人刃之，抱尸家门，父母必悲！此为公计者三也！　　向闻计不决者事无功，事无功者名不成。公虽困兽，忍弃二亲乎？　　本师别赠一言：毋以贫故，事亲不谨！毋以愚故，故意耍无赖！　　　　　　　　　　　　　　A股导师　　余闻有至仁红尘者，德洋而恩普；情托上吧，心系股友。某且举踵思慕，若枯旱之望雨！窃恳红尘先行留言！ 
"
4,1849,2017-07-25,注册制：让装碧企业壁葬,"
                            
                            注册制让一切在阳光下运行
"
6,4915,2017-08-14,封号休息[不说了][不说了][不说了][不说了][不,"
                            
                            封号休息
"
6,3435,2017-08-21,一带一路是中国走向世界的壮举，万年大计[微笑],"
                            
                            一带一路是中国走向世界的壮举，万年大计
"
10,8425,2017-11-29,谁在恶意砸盘年收益可达23.4%的光大H股,"
                            
                            近期光大银行H股在3.64港元价位有很多笔大单砸出,不知此人意欲何为,据14家券商机构预测的光大银行明年每股收益平均值为0.72元人民币,即0.8533港元,以3.64港元投入可获得0.8533港元,年收益达23.44%,这么好的收益不知为何要如此溅卖.光大银行现在的每股净资产5.30元(三季报5.22元加之后58天盈利0.0838元)按中国外汇交易中心昨日汇率1:84.377算每股净资产6.28港元,市价3.64港元低于每股净资产6.28港元的2.64港元,折价约42%,市净率0.58,市盈率4.82017.11.27(中国外汇交易中心1港元:84.377人民币)取年度 预测机构数 最小值 均值 最大值 ==最小值 ==均值==最大值 2017-----14-----0.64===0.67==0.69===297.82==313.43==322.09 2018-----14-----0.66===0.72==0.76===307.82==334.09==354.76 2019------9-----0.71===0.75==0.81===329.12==349.81==378.61 
                        "
4,2557,2017-11-12,25家银行三季报,"
                            
                            -----------------------营---业---收---入====净------利-------润股票=股票简称=每股收=营业==同比增=季度环比=净利润=同比增=季度环比=每股净===净资产==每股经营现代码=股票简称=益(元)=收入==长(%)==增长(%)==净利润==长(%)=增长(%)=资产(元)=收益率(%)=金流量(元)601398 工商银行0.64 5358亿==3.48===0.58====2280亿==2.34==-2.86===5.6197====11.65=======2.0112601939 建设银行0.80 4720亿=-0.12===1.35====2012亿==3.82==-7.94===6.6896====12.39=======0.5417601288 农业银行0.49 4084亿==5.76===2.23====1600亿==3.79==-2.77===4.0828====12.26=======1.8354601988 中国银行0.47 3641亿=-1.35==-2.61====1455亿==7.93=-26.69===4.6929====13.68=======1.2863600036 招商银行2.33 1657亿==3.38==-4.59=====588亿=12.78===1.37==17.3686====14.00======-7.6398601328 交通银行0.70 1497亿==1.64==-5.69=====544亿==3.50=-21.41===8.0574====11.88=======0.3860601166 兴业银行2.26 1030亿-13.16===4.09=====471亿==7.20===5.22==18.4117====12.74======-7.8172600000 浦发银行1.45 1248亿==3.18===1.02=====419亿==2.97===0.18==13.1997====11.51======-3.3519600016 民生银行1.10 1059亿=-8.97===3.21=====402亿==2.76=-12.48===9.8905====15.36=====-10.0795601998 中信银行0.68 1153亿=-0.03==-0.19=====347亿==0.56=-15.01===7.3769====12.65======-0.0928601818 光大银行0.51 =688亿=-2.77==-0.97=====254亿==4.08===1.60===5.1104====13.66======-4.3761000001 平安银行1.06 =798亿=-2.60==-2.28=====192亿==2.32===4.09==11.5409=====9.60======-9.2013601169 北京银行0.82 =388亿==6.94==-4.47=====155亿==3.75=-21.25===7.3680====11.58=======0.4553600015 华夏银行1.04 =501亿==5.20==-1.72=====142亿=-2.67=-17.73==11.1601=====9.70======-7.851601229 上海银行1.49 =244亿=-7.54==25.31=====117亿==6.84==-1.52==15.9094====12.90=====-11.0961600919 江苏银行0.80 =256亿==7.53===0.85===91.86亿=10.94==-5.64===7.6921====14.30======-9.7229601009 南京银行0.88 =186亿-11.84==-0.85===74.33亿=17.02=-12.17===6.6332====13.71======-1.7065002142 宁波银行1.45 =186亿==3.54===6.40===73.68亿=16.15===8.15===9.6852====20.75======-3.8388600926 杭州银行1.00 =102亿=-4.78===8.91===36.66亿==9.20==-7.07==11.2603=====9.17======15.9580601997 贵阳银行1.39 89.76亿27.07==18.17===31.87亿=18.13==37.43==10.2460====14.24=======2.3543601128 常熟银行0.40 36.19亿11.37===3.35====8.94亿=15.29==26.73===4.5849=====8.89======-2.8200600908 无锡银行0.42 21.40亿12.44===6.04====7.71亿=10.47=-12.09===4.9291=====8.58=======2.1300603323 吴江银行0.44 20.54亿18.35==-7.06====6.19亿==9.95=-32.42===5.7285=====7.82======-0.3320002839 张家港行0.31 18.46亿=5.07===7.15====5.57亿==8.05==38.86===4.5133=====6.96=======1.8470002807 江阴银行0.29 17.75亿-3.89==-3.25====5.12亿==0.40=-10.04===5.0242=====5.84=======1.7147 
                        "
93,18750,2017-03-25,喜欢到盘口帖子装逼的，先亮出实盘再装不迟！,"
                            
                            不然，你说你如何厉害，没有依据哦！嘻嘻哈哈。。。 
                        "
14,14030,2017-10-01,正在廉价大甩卖的民生银行股权可年增值16.96%,"
                            
                            民生目前的净资产3610亿元的体量相当于120家新的民营银行注册资本,20年的经营历史不是负资产.那16家民营银行的大佬们就算是你亲戚好朋友也不会打0.81折买给你,不收你溢价算你面子大.有实力拿到银行牌照的大佬们都在自立门户开银行了,近年新设立的16家民营银行的注册资本人民币平均30亿元左右,小的20亿,大的40亿,有幸能入股者的价格都比民生银行现价0.81折贵,最少也得1:1.没实力自立门户开银行的人就拿点0.81折的民生银行也不错.我们追不上倾力打造保险帝国的复星郭广昌,那就跟着泛海卢志强,东方张宏伟,巨人史玉柱,新希望刘永好,福建福信吴迪,牛散葛卫东,做个民生小股东,目前民生的每股净资产9.91元以现价8.02元买入后每年能增值16.96%, 
                        "
125,36159,2017-12-06,之字闪电N字形（2）,"
                            
                            之字闪电N字形（2） 
"
22,12390,2017-12-31,喜迎2018年，祝愿亿万老百姓利益最大化。一月份,"
                            
                            喜迎2018年，祝愿亿万老百姓利益最大化。一月份《修辞立其诚》DD有道德修养的人要注重文化教养，做到立身诚实。南无阿弥陀佛，南无阿弥陀佛，南无阿弥陀佛。 
"
28,9040,2017-08-08,猎鹰突击～,"
                            
                            猎鹰突击～ 
"
13,7772,2017-12-28,赐给2018年，希望能够彻底改变。法网恢恢就是高,"
                            
                            赐给2018年，希望能够彻底改变。法网恢恢就是高谈阔论，对央企和地方国有企业整体就是，管理者肥头大耳发家致富，员工劳累过度苦不堪言，投资者亏损累累望眼欲穿。还有很多乱像。历历在目，都好好下去微服私访吧！南无阿弥陀佛，南无阿弥陀佛，南无阿弥陀佛。 
"
490,70245,2017-08-20,怂货草包偷学艺，本周终于赚点钱！到底回本了么,"
                            
                            此怂货草包在八月份前两周晕头晕脑的与大势反向操作，不但回不了本，反而又赔了许多钱。本导师为了让其明白短线操作方法，连发多贴，并画出图形详细指出买点、卖点所在，苦口婆心的分析大势、指出其反向操作的危害，但此怂货草包学到了技战理论皮毛，就反咬一口！一直嘴硬，直嚷虽然买点没敢买，反而在卖点追高，但仍大赚。观其实盘，哪一个不是亏？到底赚在哪儿了？自己不赚钱，也不让其粉丝赚钱，坑了人家的同济，还嘴硬个什么劲？此怂货草包其实看到本导师的图形心里也明白了一些，偷偷的仔细研读了本导师的图形技法，居然大着胆子在买点买入，虽然仓位很小，但也算学有所成吧。此处给一“赞”！不过，此怂货草包心术不正，品质低劣，终究成不了大事！例如当初在8月4日，此怂货草包以7.67元买入麦捷科技时，明确表明买入此股目的是让本导师“套深些”、“813大解禁，赔死他”，唉！为求出名，不惜反骨，人生最可叹的，就是背叛！！！此处本导师补充一点，此怂货草包买入麦捷科技只有200股，对谁来说均微乎其微，赔、赚都无谓，正是在这种没有丝毫压力的情况下，最能表现出炒股技术，可是此怂货草包看不出麦捷将要大涨，坚持到8月8日终于7.57元割肉卖出，哪知割在了最低点，倒在了黎明前！麦捷第二天就拉升，而且接连上涨，至8月17日最高点达8.82元，可赚十几个点！如此好股马上就大赚，但却居然割肉！这是什么烂技术啊！本导师为其悲哀、为其粉丝惋惜！一句“您仰天长嚎，我暗自感伤”大概就是其粉丝真实的心理写照吧！ 
"
330,71007,2017-10-28,开诚忠告1148名风筝粉丝之豪杰(重发),"
                            
                            康诰曰：“惟命不于常,道善则得之,不善则失之”。我中华自古以德制暴，未闻以暴制德者也！“小风筝飘过”出身于市井之家，乃一无赖之徒尔。既无德、无礼，又无智、无技。适我大A低潮，风筝匪人乘隙而入，慌言诓骗，伪定一时，嘴炮百出，巧操天下。当是时，各路豪杰不敌，吞恨抱愤以至今日。众散户受股市之累，临疾投医、得病问药，盖所谓溺水捉草，渴至饮鸩。熟察此无赖之近状，小人之心，容人无量。顾彼之贴，唯喏喏听命而已。技法全无、嚎叫甚嚣，马后放炮称先见之明也。若果劝诫，此无赖拒以粉丝为其所属，禁断他人染指。而彼又阴唆马前之卒，索所以苦他人者施之，以遂其谋也。善邻之道果安在耶？是白痴我也，是牛马我也。是可忍，熟不可忍也？是本导师之所以舍樽俎而执旗鼓，与之相周旋也。众散尚自有知，一尊信义，二重礼让。此无赖徒自尊大，其悖德背义莫之甚矣。是以上天也厌之，粉丝也倦之，不肯致心。故其粉丝不堪为其家奴，自动销户者有之，借它事委婉告别者有之。噫！无德者无技也哉。股市乃博心竞技之所，此赖巨博则巨败、小战则小亏，先负于上证，随覆于深成，继溃于创板，后溺于趴窝！每战败衄，取笑天下！盖此赖黔驴之技已尽，而天下与弃之因也。夫众粉丝豪杰1148名者，盼取消关注、远离此无赖，与本师俱入股市，同目的、共伦理，有偕荣之谊，无与仇之情也。切望众粉谅我心之诚，绝猜疑之念，察人神之向背，循天下之大势，以逐此无赖于股市之外，除民害、去虚文，共博诸股场之中！时日逝去不可得，机会失去不复来。众1148名粉丝豪杰速起，勿为天下所笑！A股导师 
"
392,91594,2017-11-20,再次开诚忠告1188名风筝粉丝豪杰,"
                            
                            盖闻明者谋机以制变，智者虑变以操盘。是以有天才之人制非常之计，机稳之士取非常之功也。小风筝飘过者，世耕田野，家寒人微。一朝来沪，饕餮放横。昔充胖妹等众女之下陈，后裸身更衣以开贴。此贼性乏和顺，质非善良。潜隐先事之私，阴胁伪证之柄，弑姊鸩母，秽乱吧中。曩者，大A振荡，涨跌无常，主力无为，散户痴茫。此贼伪技惑众，巧辨诈言。贴内专言厉色，威福由已；粉丝迫胁，莫敢正言！故天下英才、四海伟俊，如敢直言正色者，均遭拉黑；再若示彼之误者，妻孥受咎！幸天道准平，伪技难以立身；市场公正，左右轮流掌脸。大盘上涨，怯懦不敢出手；大盘下跌，嚎嚷立叫割肉！割在底部，自夸先知之见；套在顶部，后炮说已先跑！票战全输、嘴炮皆赢，众友亏损，咆哮推责！风筝宵小，世已共知。若论人品，“两市法师”曾言：“无耻之贼也！”若论技战，“骑着天使翱翔”已断：“二傻子也！”诸位风筝粉丝股友，公等挟金入市，或为闲钱余款，或为紧用之资，跟此草包操作，一成仓、半成位，即或上涨，何时能赚？况即买即割，日渐消匮，亏空之时指日可待！是以本导师因众粉之失望、顺吧友之推心，爰举义旗以靖匪首，广宜恩信以救股民。本导师心系股市、忧心众粉，上贴诚告，言犹在耳，岂能忘心？听本师一言，转祸为运。本师之幸、众友之福！希冀众友与本师共究股市，何势不明？精研个股，何功不克？若仍抱守穷门，徘徊歧路，坐昧先几之兆，本师恐贻后世之笑也！A股导师本导师诚邀“瑞之临门”、“近在咫尺1”、“东半球668”三位股友屈尊至此一谈！幸甚！ 
"
82,23671,2017-11-22,本导师三次诚邀瑞之临门、近在咫尺1、东半球668,"
                            
                            本导师揖礼各风粉足下。听闻风粉各备资金，摩拳擦掌，以诸一博，本师甚喜！风筝高才，谈股论道，智压群雄；风筝技战，十战七胜，举世无双！虽红尘之德身送东市，既太阳之智百缚午门！风筝粉丝携手并肩，心齐力合，势不可当！风筝军团朱轮华毂，拥旄万里，显赫当时！然机缘已变时与事进，沪深两市同时动摇。风筝仍沉十八年旧例，内未及审已，外禁断良言，遇低则割、遭涨不买，畏首畏尾、心智阻塞。本导师与风筝虽然嘴仗，实乃挚友。本同日双生、同萁之豆！惺惺相惜，容分你我？风筝之粉，亦本师之丝也！风筝失手，本师痛心，风粉亏匮，本师疾首。日与月消，机缘坐逝。本师惆怅昼夜难眠。思之良久，别无他方，诚邀各友暂聚一谈。出此下策，公等勿嘲！A股导师 
"
230,52439,2017-11-21,导师二次诚邀瑞之临门、近在咫尺1、东半球668三,"
                            
                            夫君子之行，静以修身，俭以养德。吾辈虽入股市，但志性难移。本导师窃观瑞友，言行有礼，沉静有节。得失盈亏，竟不躁不骄，真乃君子有其道者，未必浮其行也。尊友小风筝飘过者，好动厌静难以修身，掐腰骂街何以养德？每日灌酒，非醉不休；“逼”字出口，无百难眠！看大盘犹庸医诊病，操个股如幼童戏火；涨则如鸱得腐鼠，跌则又怨气及天！危哉！年与时驰，何空延岁月之耗！燕雀之小乐安如鸿鹄之高翔？瑞友明鉴！ 
"
5,1745,2017-12-14,预测明天中国上证大盘指数：可能上涨一个点,"
                            
                            收盘时，红红盘，好发新股啊，脸上有光 
                        "
8,6141,2017-12-07,不要让京东方成为第二个台积电,"
                            
                            不知京东方二、三股东同时公告减持是何用意？减持量来说不多，但给人的心理暗示太大。 虽然公告是你的选择，其实这点量本来可以通过来协议减持。 配合国内大机构建仓，出这个公告，可以理解，造成国内小股民清仓，被机构和香港股民持有，还能肥水不流外人田，如果不是这样，被外资买入，成为第二个台积电，台积电已不是台湾人的台积电。是外资的台积电。 
                        "
7906,1332543,2017-08-11,特大喜讯：国民仗义哥醉打小风筝,"
                            
                            国民仗义哥对赌标：索通发展小风筝飘过对赌标：华夏银行8月14开盘价计入买入价，18日收盘价为卖出价，涨幅大者胜！输家于周五收盘离开上证吧，终生不得入内 
                        "
258,77947,2017-07-25,创扳会横盘数年。,"
                            
                            创扳，东财除外，预判，上涨都是反弹
"
52,31436,2017-12-02,2017.12.04（一）大盘分析 一、戒贪看大盘:大盘,"
                            
                            2017.12.04（一）大盘分析一、戒贪看大盘:大盘本周破位，下周大概率看跌，应坚决做空操作，友情提示下周逢高清仓为上，并耐心等待回调至3200进行阻击战。二、昨天即2017.11.30（四）戒贪必胜的公众号留言提示买入和而泰，今天大涨5.21%，恭喜戒贪……必胜群学员们及跟随戒贪操作的粉丝朋友们超短线获利。你在下跌中买入和而泰恐惧吗？当前大趋势向下，操作难度特别大，需技术指导方行，戒贪愿助你发财。 
                        "
81,56651,2017-11-22,股票市场中的致胜法宝,"
                            
                            守株待兔式的高抛低吸就是一种可以在股票操作中确保不断盈利的利器，这是我从炒股以来领悟到的最大收获，但却没有使用过多长时间，从本周开始，守株待兔式的高抛低吸将长期做为我操作的主要方法，以此验证这种方法就是广大散户能长期不断盈利的致胜法宝。 
                        "
31,37654,2017-05-12,中国证券市场未来牛市的三大指数： 图一、上证5,"
                            
                            中国证券市场未来牛市的三大指数：图一、上证50指数――中国道琼斯指数。图二、沪深300指数――中国标普500指数。图三、中证500指数――中国纳斯达克指数。 
"
4,5526,2017-09-10,中原股市藏卧牛,"
                            
                            中原股市藏卧牛 
"
5,5817,2017-08-25,指数突破3300点的关口，但是真正赚到钱的，能有,"
                            
                            指数突破3300点的关口，但是真正赚到钱的，能有几人？零和博弈，讲究二八风化原则，大盘蓝筹股，钢铁煤炭，金属，金融银行等暴涨的同时，伴随的是创业板，中小板同时暴跌～这就是二八风化原则，跷跷板理论，如同天平的两端，站在哪一方都是正确的，可是关键在于哪一端先动，只要一动，将一发不可收拾，一旦形成羊群效应，也一端落到地面，而另一端翘上高空，相对而言，股票都是低买高卖，资金不可能永远停留在高位，毛主席有句话：无限风光在险峰，只有站在地面上，才是永远最安全～但是人性的弱点往往都是急功近利，这也就正中庄家下怀，鄙人曾经说过，哪怕大盘指数一路高歌猛进，注定也只有少数人赚钱，因为这是零和博弈，除非我大中原股市，实现质的蜕变，启动一波超大级别牛市～方能互利双赢
"
66,25281,2017-09-03,今年三月份的时候，我一个女同事的男友，当时她,"
                            
                            今年三月份的时候，我一个女同事的男友，当时她叫我教他男友炒股票，我说炒股风险巨大，盈亏自负，谈不上教不教，后来，她让她的男友加了我，她男友是2015年入市的，据说亏得挺惨，今年3月份129买入微光股份，叫我帮他看看，我当时看了一下，微光股份132元左右，他赚了一点，于是我叫他可以出手卖掉了，他说看情况再说，他还在我面前夸夸其谈，说微光股份处于上升通道，又有高送转预期，完全可以涨到190以上，说我水平太次，我当时说我只买稳定的股票，不追逐短线交易，我当时说天原集团，比较稳健，他说他对这种弱势股，涨不起来的垃圾股不感兴趣，他只炒次新股，我当时就跟他说了一句话，我说未来的一段时间，很多新手将死在新股上面，当时他还轻蔑的跟我说，说我不懂炒股，还说他虽然炒股一两年，但是在网上看了很多炒股的视频和解说，觉得股票很容易，按照指标炒股，还说我根本不懂什么叫技术指标，我没有再搭理他，我直接把它拉黑了～结果没过多久，大盘大幅调整，新股集体暴跌，那女的说她男友借钱补仓，120元全仓补进去了，，我说没关系，你男友很牛逼的，相信他炒股会发大财的，那女的听后当时很高兴，但时至今日，那女的再也没有跟我打招呼，好像听说她男友有点神经了，现在还在医院接受治疗，真是无语，怎么不跳楼呢，死了多好，那样我就有戏了～
"
8,8572,2017-09-18,底部缩量，而且处于长期缩量，这样的股票都值得,"
                            
                            底部缩量，而且处于长期缩量，这样的股票都值得满仓潜伏，芝麻量里面出机会，股价在高位时，长期放巨量，乃是做顶信号，不要盲目跟风，以免长期被套～当低位股票缩量到了极限，表明做空筹码枯竭～随时变盘。。相反高位缩量到了极限，说明一切都是虚幻上涨，顶部已经形成，做多筹码已经枯竭，随时放量暴跌～
"
3,4931,2017-09-20,今年只是蓄势而已，真正的大牛市在明年，很多人,"
                            
                            今年只是蓄势而已，真正的大牛市在明年，很多人会说我在幻想，别人笑我太疯癫，我笑他人看不穿，不见五陵豪杰墓，无花无酒锄作田～
"
8,7710,2017-09-25,真理永远都是，与多数人背道而驰，而命运永远只,"
                            
                            真理永远都是，与多数人背道而驰，而命运永远只掌握在自己手里～
"
14,7825,2017-08-27,有色金属，基建，医药，军工，煤炭钢铁，国企改,"
                            
                            有色金属，基建，医药，军工，煤炭钢铁，国企改革～拳拳到肉～ 
"
8,6511,2017-04-05,还有一次做底耐心耐心,"
                            
                            还有一次做底耐心耐心 
                        "
8,6511,2017-04-05,还有一次做底耐心耐心,"
                            
                            还有一次做底耐心耐心 
                        "
95,47204,2017-11-27,明天能反弹吗,"
                            
                            明天能反弹吗 
                        "
61,27191,2017-06-03,看多了这里的悲欢离合，应该写点什么，做点什么,"
                            
                            看多了这里的悲欢离合，应该写点什么，做点什么，这是东隐近日常思考的问题把多年的经验和心得总结了一下，分三篇供老粉和朋友们参考指正！目的有二：1为真正热爱这个职业的朋友，加油，天道酬勤，做不好是人的问题，不是股票的问题2.给新入的朋友警示，做好任何事情都需要深研苦修，不是来赌博，要学习，学习，再学习 《大我超级短线实战九法》心诀篇.技战篇.德修篇心诀篇：1.首先在进入股市前就应该树立良好心态，用学习的心态参与博弈，坚持技术研究和复盘总结，做学问而不是单纯的赌博。那么你看到的金额只是个数字的变化，要学会轻装上阵，学习的心态才能愉悦，但很多人过程懒散，结果计较，你怎么不痛苦，当然这也是绝大多数人的问题。重过程，轻结果，愉！轻过程，重结果，苦！2.量力而行，三思后行。这世上很多的痛苦，甚至悲惨的结果，来源于不可控的欲望。欲望是人前行的动力，也是活着的乐趣，但一旦失度，则物极必反。所以要学会认清自己，量力而行。巴菲特有句话说的非常好，成功往往离那些犯错误最少的人越近。所以我们操盘前应该三思后行，一思，坏的结果，能承受方可去做。二思，完整的趋势和技术分析，得出取胜概率（比如10个因素，如：量价，分时，k线等等，等等，每个10分），高于70%方可入手。三思，如何止损和止赢，更重要的是你如何严守操盘纪律。3.笑看得失。失是为了更好的得，人犯错在所难免，问题是，你如何减少犯错的几率，更要具备纠错的能力。勇者是那些跌到了还能爬起来的人。人性有很多弱点，比如你技术还可以，但因为情绪波动，或者一时冲动，做出了错误的判断，很多人就会赌性大发，往往恶性循环。我们要知道贪婪不仅仅出现在盈利时，损失时它也一样存在。人性不可改变，就像一个人的性格，从孩子到暮暮迟年，那些习惯依然属于你。那么怎么办?用修养和纪律去约束你的潘多拉。如操盘时，不符合判断要学会坚决止损。连续两支操盘错误，立刻停止操作，进行反思，静才能生慧。时间的问题，篇幅有限，希望能给一些朋友帮助！此篇为心诀，如武学的内功，行若有灵，必心若有神！功夫到了，你方能游刃有余，潇洒从容！（附近期实盘图，供大家参考） 
"
11,8037,2017-05-23,没有谎言，就没有泡沫！[献花][献花] 没有泡沫,"
                            
                            没有谎言，就没有泡沫！没有泡沫，就没有快乐！不要纠结是上还是下，这是思维的定式和误区！而是要明白自己该怎么做发个图供东隐的老友们参考 
"
212,116144,2017-12-29,10天还没有到，还差一天，可能再要多两天，在34,"
                            
                            10天还没有到，还差一天，可能再要多两天，在3440点，我对朋友说，下跌10天会到3250点左右，会反弹，18天又回到底点，10天会反弹100点，如果不准，加两天。谢谢 
"
43,6909,2017-12-01,咯咯咯 年年业绩翻今年4倍 今年净资增55亿25% ,"
                            
                            咯咯咯咯咯 年年业绩翻今年4倍 今年净资增55亿25% 市值仅270亿 可暴涨5倍 瞎子狂笑 瞎子狂笑 前三年业绩翻今年4倍，前三季净资产狂增55亿25% 市值仅270亿 可暴涨5倍。 咯咯咯咯咯 狂笑 瞎子狂笑 市值270亿 利润冲百亿 晨鸣纸业 000488。 今年前三季净资产狂增43亿外加6月分红几亿，仅三季净资产暴增55亿，三季单季实际利润高达32亿，狂笑 可暴涨5倍 市值仅270亿，全年利润有望冲百亿，明年150亿？。 前三年业绩都翻倍。 市值270亿，前三季实际利润57亿，全年有望利润冲击百亿。 明年有望冲击150亿？辽宁镁矿储量3800万吨，价值7000亿，200万亩自有林600万亩合作丰速生林价值一旦重估至少价值千亿。晨鸣纸业（000488）17元买入，明年6月分红绝对收益6%，年化收益率12％左右 ，为低价定增作最后打压脑子不要进水！单淡季三季利已超32亿，照此速度明年利润超150亿？。 三季报表每股0.41元，应收票据贴隐瞒利润24亿元。 今年底镁矿投产赶上镁价暴涨，明年山东本部50万吨投产，湖北黄岗一期投产，又将为公司创造天量利润，今年十月纸价又二次大幅提价，在大环保压力下中小纸企纷纷关门，今后多年纸价将保持http://acttg.eastmoney.com/pub/web_nr_gbzwy_bmy_01_01_01_0极高的景气度，去年毛利达惊人的83％的公司融资租赁去年创净利10亿元，今年又将大幅提升三季报后券商们纷纷在20元附近给出买入增持，安信给出6个月目标价25.8元 
                        "
60,8985,2017-12-01,笑狂笑 瞎子狂笑 市值270亿，利润冲击百亿,"
                            
                            咯咯咯咯咯 年年业绩翻今年4倍 今年净资增55亿25% 市值仅270亿 可暴涨5倍 瞎子狂笑 瞎子狂笑 前三年业绩翻今年4倍，前三季净资产狂增55亿25% 市值仅270亿 可暴涨5倍。 咯咯咯咯咯 狂笑 瞎子狂笑 市值270亿 利润冲百亿 晨鸣纸业 000488。 今年前三季净资产狂增43亿外加6月分红几亿，仅三季净资产暴增55亿，三季单季实际利润高达32亿，狂笑 可暴涨5倍 市值仅270亿，全年利润有望冲百亿，明年150亿？。 前三年业绩都翻倍。 市值270亿，前三季实际利润57亿，全年有望利润冲击百亿。 明年有望冲击150亿？辽宁镁矿储量3800万吨，价值7000亿，200万亩自有林600万亩合作丰速生林价值一旦重估至少价值千亿。晨鸣纸业（000488）17元买入，明年6月分红绝对收益6%，年化收益率12％左右 ，为低价定增作最后打压脑子不要进水！单淡季三季利已超32亿，照此速度明年利润超150亿？。 三季报表每股0.41元，应收票据贴隐瞒利润24亿元。 今年底镁矿投产赶上镁价暴涨，明年山东本部50万吨投产，湖北黄岗一期投产，又将为公司创造天量利润，今年十月纸价又二次大幅提价，在大环保压力下中小纸企纷纷关门，今后多年纸价将保持http://acttg.eastmoney.com/pub/web_nr_gbzwy_bmy_01_01_01_0极高的景气度，去年毛利达惊人的83％的公司融资租赁去年创净利10亿元，今年又将大幅提升三季报后券商们纷纷在20元附近给出买入增持，安信给出6个月目标价25.8元 
                        "
47,6348,2017-12-04,笑狂笑 瞎子狂笑 市值270亿，利润冲击百亿,"
                            
                            咯咯咯咯咯 年年业绩翻今年4倍 今年净资增55亿25% 市值仅270亿 可暴涨5倍 瞎子狂笑 瞎子狂笑 前三年业绩翻今年4倍，前三季净资产狂增55亿25% 市值仅270亿 可暴涨5倍。 咯咯咯咯咯 狂笑 瞎子狂笑 市值270亿 利润冲百亿 晨鸣纸业 000488。 今年前三季净资产狂增43亿外加6月分红几亿，仅三季净资产暴增55亿，三季单季实际利润高达32亿，狂笑 可暴涨5倍 市值仅270亿，全年利润有望冲百亿，明年150亿？。 前三年业绩都翻倍。 市值270亿，前三季实际利润57亿，全年有望利润冲击百亿。 明年有望冲击150亿？辽宁镁矿储量3800万吨，价值7000亿，200万亩自有林600万亩合作丰速生林价值一旦重估至少价值千亿。晨鸣纸业（000488）17元买入，明年6月分红绝对收益6%，年化收益率12％左右 ，为低价定增作最后打压脑子不要进水！单淡季三季利已超32亿，照此速度明年利润超150亿？。 三季报表每股0.41元，应收票据贴隐瞒利润24亿元。 今年底镁矿投产赶上镁价暴涨，明年山东本部50万吨投产，湖北黄岗一期投产，又将为公司创造天量利润，今年十月纸价又二次大幅提价，在大环保压力下中小纸企纷纷关门，今后多年纸价将保持http://acttg.eastmoney.com/pub/web_nr_gbzwy_bmy_01_01_01_0极高的景气度，去年毛利达惊人的83％的公司融资租赁去年创净利10亿元，今年又将大幅提升三季报后券商们纷纷在20元附近给出买入增持，安信给出6个月目标价25.8元 
                        "
769,206501,2017-11-23,50最后的疯狂！[拜神],"
                            
                            50最后的疯狂！
"
693,144361,2017-07-06,中储恒科+中储智运=央企600787分拆上市、混改、,"
                            
                            中储恒科+中储智运=央企600787分拆上市、混改、重组诚通物流整体上市韩铁林董事长要求中储智运做好上市工作国有重点大型企业监事会主席李克明一行莅临中储智运调研指导工作2017-03-24 15:16:42韩铁林董事长对中储智运两年多来的发展情况进行了总结，他指出中储智运目前正处于发展的第二阶段。第一阶段中储智运一直在想方设法“做起来”；第二阶段中储智运要思考“如何做大”，同时要防范好经营中可能出现的风险，做好上市工作。他强调，要将互联网的天网优势与中储股份的地网优势结合起来，加快中储智运发展的同时，推动中储股份的转型升级。中储恒科加强科技创新，分拆上市创造条件。集团对中储河南地区企业开展瘦身健体提质增效2017/7/3 16:18:27针对河南地区企业正处于调整转型阶段的特点，提出了工作建议。一是中储恒科要加强科技创新，在人才和技术方面进一步增强实力，尽快做强做大，为分拆上市创造条件。二是洛阳分公司要做好轻重资产的配比，做好法人压减工作，依托铝期货交割库、集装箱资质以及公共保税仓库和出口监管仓库等资质，打造“中国放心库”，努力提高单体收益；要认真贯彻集团对贸易管理工作的要求，树立红线意识，杜绝操作融资性贸易。三是郑州南阳寨分公司要积极参与中储智运项目，实现转型升级；要严格遵守国资委、集团有关严禁开展融资性贸易的规定，全面梳理贸易业务中储工程物流参与“一带一路”完成中老铁路项目首批海运物资发运前十大股东累计持有：14.35亿股，累计占总股本比：65.22% ，较上期变化：844.77万股 机构或基金名称 持有数量(股) 持股变化(股) 占总股本比例 实际增减持 股份类型 持股详情 中国物资储运总公司9.62亿 不变 43.74% 不变 流通A股 CLH 12(HK)Limited3.40亿 新进 15.45% 新进 受限流通股 中国证券金融股份有限公司6030.44万 1344.68万 2.74% 28.70% 流通A股 中央汇金资产管理有限责任公司2108.71万 不变 0.96% 不变 流通A股 控股股东：信息披露义务人为 GLP HK Holdings Limited 的全资子公司。GLP HK Holdings Limited 为 Iowa China Asset Holdings (Hong Kong) Limited 的全资子公司。 Iowa China Asset Holdings (Hong Kong) Limited 是 Iowa China Offshore Holdings (Hong Kong) Limited 的全资子公司。Iowa China Offshore Holdings (Hong Kong) Limited 是 CLH Limited 拥有的子公司。CLH Limited 为 Global Logistic Properties Limited 的全资子公司。Global Logistic Properties Limited 为一家注册于新加坡的上市 公司。2017.07.03普洛斯公司《新加坡收购与兼并守则》、Global Logistic Properties Limited普洛斯公司(Incorporated in the Republic of Singapore)（新加坡公司）Company Registration No. 200715832Z公司注册号：200715832ZUPDATE ON STRATEGIC REVIEW关于战略性评估的最新公告普洛斯公司（下称 ""公司”）所指的是公司之前就关于业务的各种可能方案进行的独立战略性评估（下称""战略性评估”）发布的公告1（下称""先前公告”）。继先前公告， 公司就此提供如下更新：公司在2017年6月30日已经收到入围当事方提交的确定的提案，以进行最终评估。收到的所有提案都不具有约束力，且需经相关监管部门审批和受其他条件的限制。任何入围当事方提交的提案不构成《新加坡收购与兼并守则》第三条条款下的收购意向。专门委员会正在本公司的外部顾问协助下，深入和独立地审查各项提案的所有条款。公司会继续及时更新相关情况，包括评估结束或发生任何重大进展时适时公告。公司谨此重申，公司仍然无法保证各方提案或战略性评估会促成任何最终交易或提议，并且交易（若存在）的条款仍尚未确定。公司希望提醒公司所有股东不要就其持有的公司股票或其他证券采取任何可能有损其权益的行为，以及在买卖此类股票或其他证券时应秉持谨慎态度。如果股东就应采取的行动有任何疑虑，建议立即与其股票经纪人、律师、会计师、税务顾问或其他专业顾问联系。By Order of the Board ofGLOBAL LOGISTIC PROPERTIES LIMITED承普洛斯公司董事会命2017年7月3日华贸物流:股权无偿划转中国诚通成间接控股股东2017年6月27日，满载着2万多吨出口物资的“夏洛特”号货轮缓缓驶离日照港，货物于6月24日装船，全部货物无一损坏或变形。这标志着中储工程物流公司中老铁路项目首批海运物资的港口发运工作圆满完成。中老铁路项目是国家“一带一路”战略的重要组成部分，北起云南玉溪，南至老挝首都万象，全长508公里，总投资505亿元，是第一个以中方为主投资建设并运营、与中国铁路网直接连通的境外铁路项目。项目建成后将成为连接中国与中南半岛的重要通道。该项目由工程物流公司与中储船代青岛分公司组成联合项目小组同项目物资管理方中国铁物开展物流合作洽谈。经过细致测算，我方的最终方案和报价得到了中国铁物高度认可。中老铁路项目首批海运物资的顺利发运，体现了中储工程优质的物流服务和业务能力，为项目后续合作奠定了良好基础，也是中储参与国家“一带一路”建设迈出的坚实一步。中储地产与国家林业局国有林场和林木种苗工作总站：森林特色小镇、雄安新区项目、林业基金电建中储泛悦城市广场捂盘惜售房产调控以来，南京酒店式公寓、商铺等不受限购影响的非住宅类产品温度有所回升，一些开发商开始不顾政策规定走起了捂盘惜售的老路，给购房者带来诸多困扰。 
                        "
55,8574,2017-11-30,咯咯咯 年年业绩翻今年4倍 今年净资增55亿25% ,"
                            
                            咯咯咯 年年业绩翻今年4倍 今年净资增55亿25% 市值仅270亿 可暴涨5倍 瞎子狂笑 瞎子狂笑 前三年业绩翻今年4倍，前三季净资产狂增55亿25% 市值仅270亿 可暴涨5倍。 咯咯咯咯咯 狂笑 瞎子狂笑 市值270亿 利润冲百亿 晨鸣纸业 000488。 今年前三季净资产狂增43亿外加6月分红几亿，仅三季净资产暴增55亿，三季单季实际利润高达32亿，狂笑 可暴涨5倍 市值仅270亿，全年利润有望冲百亿，明年150亿？。 前三年业绩都翻倍。 市值270亿，前三季实际利润57亿，全年有望利润冲击百亿。 明年有望冲击150亿？辽宁镁矿储量3800万吨，价值7000亿，200万亩自有林600万亩合作丰速生林价值一旦重估至少价值千亿。晨鸣纸业（000488）17元买入，明年6月分红绝对收益6%，年化收益率12％左右 ，为低价定增作最后打压脑子不要进水！单淡季三季利已超32亿，照此速度明年利润超150亿？。 三季报表每股0.41元，应收票据贴隐瞒利润24亿元。 今年底镁矿投产赶上镁价暴涨，明年山东本部50万吨投产，湖北黄岗一期投产，又将为公司创造天量利润，今年十月纸价又二次大幅提价，在大环保压力下中小纸企纷纷关门，今后多年纸价将保持http://acttg.eastmoney.com/pub/web_nr_gbzwy_bmy_01_01_01_0极高的景气度，去年毛利达惊人的83％的公司融资租赁去年创净利10亿元，今年又将大幅提升三季报后券商们纷纷在20元附近给出买入增持，安信给出6个月目标价25.8元 
                        "
161,54912,2017-07-20,000536华映科技生产手机屏平板屏且由于现在电子,"
华映科技生产手机屏平板屏且由于现在电子更新换代，屏需要量非常大，进入高速发展期注意业务量在增大，利润也在放大，可在最近公司公告及新闻中有，今年刚公布第六代屏新生产线投入马上盈利将放大，真正货真价实的白马股！华映科技上半年净利预计同比上涨逾10倍，逢低可以买入华映科技(000536)7月5日晚间发布业绩预告，公司2016年上半年预计实现盈利3.90亿元C4.00亿元，同比上涨1013.97%-1042.53%，上年同期为盈利3501万元。　　公告称，公司预计业绩同比上升，主要因公司控股子公司处置厦华电子股权的相关损益于2016 年第二季度进行确认，导致本期归属于公司股东的净利润较上期大幅增长。苹果iPhone8或采用OLED屏幕 产业迎来新契机，也利好近日，业内人士孙昌旭在微博上爆料称，明年秋季发布的苹果iPhone8会用10纳米的工艺，并有可能运用OLED屏幕。此前，2016年中国国际OLED产业大会上工信部再次对外表示，国家将从多个方面大力支持我国OLED产业发展。　　分析认为，随着OLED面板需求和产能的不断提升，以及国家战略的大力支持，中国OLED产业的发展将迎来新契机。A股上市公司中，可关注彩虹股份、深天马A、东旭光电、华映科技。---------------------------------------华映科技中报业绩预增逾10倍 增发承诺17年不低于15亿净利润中国证券网讯 华映科技7月5日晚间发布业绩预告，公司预计2016年上半年归属于上市公司股东的净利润为3.9亿元至4亿元，上年同期为3501万元，同比增长1013.97%至1042.53%。　　公司表示，业绩增长主要由于期内确认了子公司处置厦华电子股权的相关损益所致。全景网7月29日讯 华映科技（000536）周五午间发布公告称，公司非公开发行不超过9.52亿股新股事项获证监会核准。募集100亿元，加码3D玻璃！预计17年净利润不低于17亿元。18年不低于20亿元，19年不低于21亿元！承诺未能达到预期收益，集团将给予补足或采取大比例送股方式补偿股东利益！000536华映科技生产手机屏平板屏且由于现在电子更新换代，屏需要量非常大，进入高速发展期，新生产线投入马上盈利将放大，真正货真价实的白马股！ 
"
167,49639,2017-06-27,纸价突破4300/吨，造纸企业受益，板块趋势向上,"
                            
                            纸价突破4300/吨，造纸企业受益，板块趋势向上，可以挑选业绩增长的股票建仓600433冠豪高新，之前推荐过两个纸企都涨幅不错，冠豪目前还没有开始涨，滞涨股，现正处于底部建仓最佳时机，给予买入评级。六个炒作冠豪高新的理由出台，600433目标价13-------15元一，炒林广茂的底，他13年底介入，成本不低于15元。这家伙今年24元多都]抛600433。他能在棉花期货上600万-年赚13个亿。却持股600433近两年，今年24也不抛600433，6月30日16元己是他成本价，这以下他更不会卖了？他为什么狂买600433？今后冠豪一旦注资或收购资产，他十几个亿不大干才怪！二，炒大股东中国纸业定增价的底。炒员工持股的底。和企业命运相联的人一起出]，肯定不会错。三，炒600433实际控制方央企诚通集团被列为第二批国企改革。600433当之无愧为央企第二批国企改革龙头。第一批的洛阳玻璃注入超玻璃资产涨了多少？冠豪高新大股东承诺注入具有聋断性质的特种纸，又会涨多少？？四，炒大股中国纸业注入资产的承诺，一诺值千金，诚通集团，中国纸业，有承诺就有想象力。五，炒人民币国际化，人民币一国际化，全世界用钞量大增，公司的造币用纸将大增的预期。再加上中超彩票用纸的大增。牛了！六，炒实力资金长假前敢运作的底气，该股有上面这些理由，又从25元跌倒现在的10元，超跌。 央企注资龙头，第二批央企国企改革龙头，林广茂被套60%，你不炒，炒什么？明天开盘全仓买入呀！马上停牌重组，最后的上车机会！诚通控股中国纸业集团，国企改革进入倒计时！ 
                        "
64,36055,2017-12-28,2017……折梦“慢牛” 无耻操控似疯魔， 狂发新,"
                            
                            2017……折梦“慢牛”无耻操控似疯魔，狂发新股倾盆雨。万里荒原韭菜尽，千丈山巅豺狼舞。银证帐户血泪海，满腔愤恨冲天怒。齐盼熊王出西关，横扫伪牛与恶虎。 
                        "
208,54625,2017-07-20,000536华映科技生产手机屏平板屏且由于现在电子,"
                            
                            000536华映科技生产手机屏平板屏且由于现在电子更新换代，屏需要量非常大，进入高速发展期，新生产线投入马上盈利将放大，真正货真价实的白马股！手机屏平板屏由手机经常在更新，对屏需要量非常大，进入高速发展期注意业务量在增大，利润也在放大，可在最近公司公告及新闻中有，今年刚公布第六代屏新生产线投入马上盈利将放大，真正货真价实的白马股！华映科技上半年净利预计同比上涨逾10倍，逢低可以买入华映科技(000536)7月5日晚间发布业绩预告，公司2016年上半年预计实现盈利3.90亿元C4.00亿元，同比上涨1013.97%-1042.53%，上年同期为盈利3501万元。　　公告称，公司预计业绩同比上升，主要因公司控股子公司处置厦华电子股权的相关损益于2016 年第二季度进行确认，导致本期归属于公司股东的净利润较上期大幅增长。苹果iPhone8或采用OLED屏幕 产业迎来新契机，也利好近日，业内人士孙昌旭在微博上爆料称，明年秋季发布的苹果iPhone8会用10纳米的工艺，并有可能运用OLED屏幕。此前，2016年中国国际OLED产业大会上工信部再次对外表示，国家将从多个方面大力支持我国OLED产业发展。　　分析认为，随着OLED面板需求和产能的不断提升，以及国家战略的大力支持，中国OLED产业的发展将迎来新契机。A股上市公司中，可关注彩虹股份、深天马A、东旭光电、华映科技。---------------------------------------华映科技中报业绩预增逾10倍 增发承诺17年不低于15亿净利润中国证券网讯 华映科技7月5日晚间发布业绩预告，公司预计2016年上半年归属于上市公司股东的净利润为3.9亿元至4亿元，上年同期为3501万元，同比增长1013.97%至1042.53%。　　公司表示，业绩增长主要由于期内确认了子公司处置厦华电子股权的相关损益所致。全景网7月29日讯 华映科技（000536）周五午间发布公告称，公司非公开发行不超过9.52亿股新股事项获证监会核准。募集100亿元，加码3D玻璃！预计17年净利润不低于17亿元。18年不低于20亿元，19年不低于21亿元！承诺未能达到预期收益，集团将给予补足或采取大比例送股方式补偿股东利益！000536华映科技生产手机屏平板屏且由于现在电子更新换代，屏需要量非常大，进入高速发展期，新生产线投入马上盈利将放大，真正货真价实的白马股！ 
                        "
160,54430,2017-11-13,首提全面牛市,"
                            
                            李英栋自封股神全面牛市将会到来，这是不久的将来就可以看到的，美好未来。创业板一旦突破前高，主升浪将获得迎接。当然，预计短期，会有一个洗盘的工作进行。大家还是，把钱投到业绩好的稳定的个股当中去吧 
                        "
9,10488,2017-08-16,A股何去何从？,"
                            
                            本人前期说过，国家控制A股运行的目的就是不让A股涨起来，一涨起来资金就出局了，这是目前国家不允许的。去年房地产做局成功，套住了一大批资金，现在怎么会让股市走牛，开一个口子让资金顺利出逃？A股被国家控盘大家都知道，但控盘的目的就不一定都知道了。其实就是简单的一句话：把资金留下来，不许跑！对中国来说，目前控制资金不出逃最有效的方法就是“套牢”它，所以说目前股市不会走牛是有依据的！大背景决定资本市场的运行方向。现在中美斗得厉害，归根结底就是争“资金”，美国股市牛气冲天就是想让“资金”回流美国，中国A股横盘（短期波动，中长期下跌）是阻止资金外流，这一虚一实的斗争目前正在进行，但高潮还在后面。现在再看看美国道指22000点以上，而上证A股控制在3300以下，这对于今后吸引资金来说，谁更有优势？不言自明了吧！对于后市，资金是去美国还是去中国这可是关系到中美生死的决战！为此，中国在2015年6月主动中断牛市，为的就是争取战略主动（这其间的过程就不用多说了，大家可以自己查一查），为最后的决战做好准备。现在来看，中国的准备工作已经基本完成，下一步就是等待时机引爆美国股市。（看看美道指6月底的单日暴跌，这其中就有中国的身影，相信中国已经在美国股市中组织了一个庞大的空军团队，只等高层一声令下）对今年A股难上涨、难下跌的局面，大多数人认为主要是为了发行新股而为。其实从大局上判断，管理层维护目前的状况是为了等待与美股共振的时机，至少在美股见顶下跌之前管理层是不允许A股出现大幅下跌的。不然A股早于美股下跌，当后面美股见顶回落之时，A股的崩盘风险将难以控制。另一个原因就是这个等待的时间内，A股加速扩容 对“脱虚入实”显然是有利的，因为尽可能地先让一部分资金进入实体经济，好处太大。所以在暴跌之前高速发行仍会继续。最后，A股在等待的期间内，加速扩容做大盘子，以后会接纳更多的外来资金，这也算是长远的积极措施了。回顾一年多以来，动用国家队资金控盘，并以前所未有的速度发行新股，主动地卸杠杆，目的就是为了先让资金尽可能地进入实体，为金融风暴到来之前筑好篱笆，堵住漏洞，防范即将到来的冲击。近期美国投行罗杰斯预判，史上最严重的金融危机将爆发，不管大家信不信，本人是信了！这可以从近期国际政治、经济和中国周边的形势就能感觉到了。基于这么一个大背景，初步判断当美国股市开始走熊，A股的转折点就会到来，A股将与美国股市同时或稍晚于美国股市下跌，但一定早于美国股市见大底，这样从美国股市逃离的资金会大幅地流向中国。这就是2015年中断A股牛市背后的大战略。对于目前A股来说，只要美股不跌，A股就没有大风险。这期间只要把控好股市短线的波动，尽可能地短线操作就行了。什么时候美股开始跌了，就空仓等待大底的到来。（其实也很简单！）最后再多说一句，后市的大底在目前上证的点位上，再跌1000点是完全完全可能的，这完全取决于高层想吸引国际资金的程度，或对美国作出什么样的让步了。 
                        "
1,1162,2017-12-06,业绩喜人！券商自营蓝筹获利巨大！广发证券连板,"
                            
                            业绩喜人！券商自营蓝筹获利巨大！广发证券连板五天！ 
                        "
8,2287,2017-12-13,50亿外 资机构资金囤兵广发！砸不动了主力！广,"
                            
                            50亿外资机构资金囤兵广发！砸不动了主力！广发证券必须涨！筹码极度集中 
                        "
94,37227,2017-12-30,我用计算，算出了贵州燃气8.20元买点，10天涨到,"
                            
                            我用计算，算出了贵州燃气8.20元买点，10天涨到16.80元，我卖就停牌，有绝招，有帖作证，现在又有一只股在等，今年开盘买张家港行，9元多买，25元卖，我专伏击大庄股。 
"
49,14529,2017-06-13,认清骗子老梁,"
                            
                            上海老梁大骗子你良心是黑的，去年六月到今年六月了一年了，一路看多骗人洗脑，害了那么多相信你的粉，大家都出来举报他这垃圾！ 
                        "
6,5505,2017-06-23,惠达卫浴九五之尊完美短中长线 惠达卫浴河北唐,"
惠达卫浴九五之尊完美短中长线惠达卫浴河北唐山板块，严重低估的轻工制造，良好的基本面结合河北雄安新区概念，雄安新区有关所有家居块惠达卫浴将会直接受益，国内唯一一家数脂模型及高压成型技术的企业，重点是公司做的是国际化的生意，美国，英国，澳大利亚等80多个国家的生意，中报业绩及年报业绩必大增厚报投资者，后市潜力无限，可谓两市难求的一只超级牛股，论基本面，论行业，论题材概念，论公司发展潜力，在整个中小床次新里面家用轻工制造里面应该是排名第一好的票，再也找不出第二个惠达卫浴，投资者朋友们可重点放自选股。--------------------------------------------------------------------------------------------前十大股东锁仓25%（锁仓的都是券商，银行，公墓基金，证金），市场流动性减少，活跃度大增，可谓概念白马袖珍王，所以不管是短线还是中线长线，惠达卫浴都具备相对较高的投资价值，接受范围广，不论是技术看盘，价值投资者，中大机构投资者，都可以放款资金激进介入该股，未来股价只会往上走，发行缺口除权后会补上！这样的股票有什么理由不被各大资金锁定关注呢？ 投资者可对该股后期走势保持绝对乐观的态度，应积极做多，持股锁仓，考虑新高以上结构高抛。----------------------------------------------------------------------------------------------｜经营范围 ｜生产和销售卫生陶瓷制品、建筑陶瓷制品、卫生陶瓷洁具配件、｜｜ ｜整体浴室、整体橱柜、建筑装饰、装修材料、高中档系列抛光砖｜｜ ｜、墙地板；坐便盖、水箱配件、塑料制品、卫生瓷配套产品；文｜｜ ｜化用纸、胶印纸的加工；原纸销售；纸板、纸箱加工；本企业生｜｜ ｜产、科研所需的原辅材料、机械设备、仪器、仪表及零配件的进｜｜ ｜口业务。木制门窗批发、零售；普通货运；网上销售本公司自产｜｜ ｜的产品；自营代理各类商品和技术的进出口业务（国家限制和禁｜｜ ｜止的除外） （依 法须经批准的项目，相关部门后方可开展营活｜｜ ｜动） 。02在整个河北家居行业，惠达卫浴是最有资格直接拿到所有以上相关类的订单，潜力无限，且行且珍惜。------------------------------------------------------------------------------ 
                        "
5,10827,2017-08-10,雄安+次新+一带一路+绩优+高增长=惠达卫浴，目,"
                            
                            雄安+次新+一带一路+绩优+高增长=惠达卫浴，目前接近破发，此时买入就是挖主力的肉! 
                        "
2,5892,2017-06-15,惠达卫浴九五之蹲完美短中长线 惠达卫浴河北唐,"
惠达卫浴九五之蹲完美短中长线惠达卫浴河北唐山板块，严重低估的轻工制造，良好的基本面结合河北雄安新区概念，雄安新区有关所有家居块惠达卫浴将会直接受益，国内唯一一家数脂模型及高压成型技术的企业，重点是公司做的是国际化的生意，美国，英国，澳大利亚等80多个国家的生意，中报业绩及年报业绩必大增厚报投资者，后市潜力无限，可谓两市难求的一只超级牛股，论基本面，论行业，论题材概念，论公司发展潜力，在整个中小床次新里面家用轻工制造里面应该是排名第一好的票，再也找不出第二个惠达卫浴，投资者朋友们可重点放自选股。--------------------------------------------------------------------------------------------前十大股东锁仓25%（锁仓的都是券商，银行，公墓基金，证金），市场流动性减少，活跃度大增，可谓概念白马袖珍王，所以不管是短线还是中线长线，惠达卫浴都具备相对较高的投资价值，接受范围广，不论是技术看盘，价值投资者，中大机构投资者，都可以放款资金激进介入该股，未来股价只会往上走，发行缺口除权后会补上！这样的股票有什么理由不被各大资金锁定关注呢？ 投资者可对该股后期走势保持绝对乐观的态度，应积极做多，持股锁仓，考虑新高以上结构高抛。----------------------------------------------------------------------------------------------｜经营范围 ｜生产和销售卫生陶瓷制品、建筑陶瓷制品、卫生陶瓷洁具配件、｜｜ ｜整体浴室、整体橱柜、建筑装饰、装修材料、高中档系列抛光砖｜｜ ｜、墙地板；坐便盖、水箱配件、塑料制品、卫生瓷配套产品；文｜｜ ｜化用纸、胶印纸的加工；原纸销售；纸板、纸箱加工；本企业生｜｜ ｜产、科研所需的原辅材料、机械设备、仪器、仪表及零配件的进｜｜ ｜口业务。木制门窗批发、零售；普通货运；网上销售本公司自产｜｜ ｜的产品；自营代理各类商品和技术的进出口业务（国家限制和禁｜｜ ｜止的除外） （依 法须经批准的项目，相关部门后方可开展营活｜｜ ｜动） 。02在整个河北家居行业，惠达卫浴是最有资格直接拿到所有以上相关类的订单，潜力无限，且行且珍惜。---------------------------------------------------------------------------------------- 
                        "
29,21248,2017-12-04,清仓离场，下个目标2600.,"

"
6,6282,2017-12-06,只要有跌停的股票，底就不是底。,"

"
49,19672,2017-10-08,天王山主宰之数3600的历史成因,"
                            
                            高屋建瓴大视界：（1）998-6124 质变二分位=3561（2）1664-5178质变二分位=3421（3）2016年元月之-熔断顶=3600区域（4）3240+180=3420；3240+240=3480（2009标志性历史磁带危机反弹顶=3478） 
                        "
237,116424,2017-05-09,每日收盘总结，以后我每天写的收盘总结都发在这,"
                            
                            第524节2017年5月9日收盘总结今天市场走势和我昨日分析完全一致，沪深两市均窄幅震荡收小阳线。今天的小阳线我们还不能看作是止跌阳线，目前以石化双雄为代表的大盘蓝筹股还没有明显的止跌迹象，他们在今后的几天会不会创新低还需观察。从成交量上看，市场的量能还有进一步萎缩的空间，现在市场量能虽然不足，但还不是地量区间。明天市场继续窄幅震荡的概率最大，明天我们还是要特别关注石化双雄的走势。我上周五打底仓的股票今天还是基本没涨也没跌，我依然只能静观其变。 
                        "
1,623,2017-12-05,劝大家都退出股市，股市不是人呆的地方，亏钱，,"
                            
                            劝大家都退出股市，股市不是人呆的地方，亏钱，除了亏钱还是亏钱。 
                        "
73,16869,2017-05-20,以国有企业改革，10年前没改早就死了！现在改早,"
                            
                            以国有企业改革，10年前没改早就死了！现在改早就来不及了！ 
"
45,25841,2017-09-15,谁在啊 呵呵,"

"
169,48366,2017-11-13,今天是大绿棒子来临之前最后的阳光,"
                            
                            今天是大绿棒子来临之前最后的阳光 
                        "
31,5566,2017-11-30,咯咯咯 年年业绩翻今年4倍 今年净资增55亿25% ,"
                            
                            咯咯咯咯咯 年年业绩翻今年4倍 今年净资增55亿25% 市值仅270亿 可暴涨5倍 瞎子狂笑 瞎子狂笑 前三年业绩翻今年4倍，前三季净资产狂增55亿25% 市值仅270亿 可暴涨5倍。 咯咯咯咯咯 狂笑 瞎子狂笑 市值270亿 利润冲百亿 晨鸣纸业 000488。 今年前三季净资产狂增43亿外加6月分红几亿，仅三季净资产暴增55亿，三季单季实际利润高达32亿，狂笑 可暴涨5倍 市值仅270亿，全年利润有望冲百亿，明年150亿？。 前三年业绩都翻倍。 市值270亿，前三季实际利润57亿，全年有望利润冲击百亿。 明年有望冲击150亿？辽宁镁矿储量3800万吨，价值7000亿，200万亩自有林600万亩合作丰速生林价值一旦重估至少价值千亿。晨鸣纸业（000488）17元买入，明年6月分红绝对收益6%，年化收益率12％左右 ，为低价定增作最后打压脑子不要进水！单淡季三季利已超32亿，照此速度明年利润超150亿？。 三季报表每股0.41元，应收票据贴隐瞒利润24亿元。 今年底镁矿投产赶上镁价暴涨，明年山东本部50万吨投产，湖北黄岗一期投产，又将为公司创造天量利润，今年十月纸价又二次大幅提价，在大环保压力下中小纸企纷纷关门，今后多年纸价将保持http://acttg.eastmoney.com/pub/web_nr_gbzwy_bmy_01_01_01_0极高的景气度，去年毛利达惊人的83％的公司融资租赁去年创净利10亿元，今年又将大幅提升三季报后券商们纷纷在20元附近给出买入增持，安信给出6个月目标价25.8元我要评论 
                        "
21,3670,2017-11-30,咯咯咯 年年业绩翻今年4倍 今年净资增55亿25% ,"
                            
                            咯咯咯 年年业绩翻今年4倍 今年净资增55亿25% 市值仅270亿 可暴涨5倍 瞎子狂笑 瞎子狂笑 前三年业绩翻今年4倍，前三季净资产狂增55亿25% 市值仅270亿 可暴涨5倍。 咯咯咯咯咯 狂笑 瞎子狂笑 市值270亿 利润冲百亿 晨鸣纸业 000488。 今年前三季净资产狂增43亿外加6月分红几亿，仅三季净资产暴增55亿，三季单季实际利润高达32亿，狂笑 可暴涨5倍 市值仅270亿，全年利润有望冲百亿，明年150亿？。 前三年业绩都翻倍。 市值270亿，前三季实际利润57亿，全年有望利润冲击百亿。 明年有望冲击150亿？辽宁镁矿储量3800万吨，价值7000亿，200万亩自有林600万亩合作丰速生林价值一旦重估至少价值千亿。晨鸣纸业（000488）17元买入，明年6月分红绝对收益6%，年化收益率12％左右 ，为低价定增作最后打压脑子不要进水！单淡季三季利已超32亿，照此速度明年利润超150亿？。 三季报表每股0.41元，应收票据贴隐瞒利润24亿元。 今年底镁矿投产赶上镁价暴涨，明年山东本部50万吨投产，湖北黄岗一期投产，又将为公司创造天量利润，今年十月纸价又二次大幅提价，在大环保压力下中小纸企纷纷关门，今后多年纸价将保持http://acttg.eastmoney.com/pub/web_nr_gbzwy_bmy_01_01_01_0极高的景气度，去年毛利达惊人的83％的公司融资租赁去年创净利10亿元，今年又将大幅提升三季报后券商们纷纷在20元附近给出买入增持，安信给出6个月目标价25.8元 
                        "
24,4018,2017-11-30,咯咯咯 年年业绩翻今年4倍 今年净资增55亿25% ,"
                            
                            咯咯咯 年年业绩翻今年4倍 今年净资增55亿25% 市值仅270亿 可暴涨5倍 瞎子狂笑 瞎子狂笑 前三年业绩翻今年4倍，前三季净资产狂增55亿25% 市值仅270亿 可暴涨5倍。 咯咯咯咯咯 狂笑 瞎子狂笑 市值270亿 利润冲百亿 晨鸣纸业 000488。 今年前三季净资产狂增43亿外加6月分红几亿，仅三季净资产暴增55亿，三季单季实际利润高达32亿，狂笑 可暴涨5倍 市值仅270亿，全年利润有望冲百亿，明年150亿？。 前三年业绩都翻倍。 市值270亿，前三季实际利润57亿，全年有望利润冲击百亿。 明年有望冲击150亿？辽宁镁矿储量3800万吨，价值7000亿，200万亩自有林600万亩合作丰速生林价值一旦重估至少价值千亿。晨鸣纸业（000488）17元买入，明年6月分红绝对收益6%，年化收益率12％左右 ，为低价定增作最后打压脑子不要进水！单淡季三季利已超32亿，照此速度明年利润超150亿？。 三季报表每股0.41元，应收票据贴隐瞒利润24亿元。 今年底镁矿投产赶上镁价暴涨，明年山东本部50万吨投产，湖北黄岗一期投产，又将为公司创造天量利润，今年十月纸价又二次大幅提价，在大环保压力下中小纸企纷纷关门，今后多年纸价将保持http://acttg.eastmoney.com/pub/web_nr_gbzwy_bmy_01_01_01_0极高的景气度，去年毛利达惊人的83％的公司融资租赁去年创净利10亿元，今年又将大幅提升三季报后券商们纷纷在20元附近给出买入增持，安信给出6个月目标价25.8元 
                        "
34,5098,2017-11-30,咯咯咯 年年业绩翻今年4倍 今年净资增55亿25% ,"
                            
                            咯咯咯 年年业绩翻今年4倍 今年净资增55亿25% 市值仅270亿 可暴涨5倍 瞎子狂笑 瞎子狂笑 前三年业绩翻今年4倍，前三季净资产狂增55亿25% 市值仅270亿 可暴涨5倍。 咯咯咯咯咯 狂笑 瞎子狂笑 市值270亿 利润冲百亿 晨鸣纸业 000488。 今年前三季净资产狂增43亿外加6月分红几亿，仅三季净资产暴增55亿，三季单季实际利润高达32亿，狂笑 可暴涨5倍 市值仅270亿，全年利润有望冲百亿，明年150亿？。 前三年业绩都翻倍。 市值270亿，前三季实际利润57亿，全年有望利润冲击百亿。 明年有望冲击150亿？辽宁镁矿储量3800万吨，价值7000亿，200万亩自有林600万亩合作丰速生林价值一旦重估至少价值千亿。晨鸣纸业（000488）17元买入，明年6月分红绝对收益6%，年化收益率12％左右 ，为低价定增作最后打压脑子不要进水！单淡季三季利已超32亿，照此速度明年利润超150亿？。 三季报表每股0.41元，应收票据贴隐瞒利润24亿元。 今年底镁矿投产赶上镁价暴涨，明年山东本部50万吨投产，湖北黄岗一期投产，又将为公司创造天量利润，今年十月纸价又二次大幅提价，在大环保压力下中小纸企纷纷关门，今后多年纸价将保持http://acttg.eastmoney.com/pub/web_nr_gbzwy_bmy_01_01_01_0极高的景气度，去年毛利达惊人的83％的公司融资租赁去年创净利10亿元，今年又将大幅提升三季报后券商们纷纷在20元附近给出买入增持，安信给出6个月目标价25.8元 
                        "
27,4636,2017-11-30,.咯咯咯 年年业绩翻今年4倍 今年净资增55亿25% ,"
                            
                            咯咯咯 年年业绩翻今年4倍 今年净资增55亿25% 市值仅270亿 可暴涨5倍 瞎子狂笑 瞎子狂笑 前三年业绩翻今年4倍，前三季净资产狂增55亿25% 市值仅270亿 可暴涨5倍。 咯咯咯咯咯 狂笑 瞎子狂笑 市值270亿 利润冲百亿 晨鸣纸业 000488。 今年前三季净资产狂增43亿外加6月分红几亿，仅三季净资产暴增55亿，三季单季实际利润高达32亿，狂笑 可暴涨5倍 市值仅270亿，全年利润有望冲百亿，明年150亿？。 前三年业绩都翻倍。 市值270亿，前三季实际利润57亿，全年有望利润冲击百亿。 明年有望冲击150亿？辽宁镁矿储量3800万吨，价值7000亿，200万亩自有林600万亩合作丰速生林价值一旦重估至少价值千亿。晨鸣纸业（000488）17元买入，明年6月分红绝对收益6%，年化收益率12％左右 ，为低价定增作最后打压脑子不要进水！单淡季三季利已超32亿，照此速度明年利润超150亿？。 三季报表每股0.41元，应收票据贴隐瞒利润24亿元。 今年底镁矿投产赶上镁价暴涨，明年山东本部50万吨投产，湖北黄岗一期投产，又将为公司创造天量利润，今年十月纸价又二次大幅提价，在大环保压力下中小纸企纷纷关门，今后多年纸价将保持http://acttg.eastmoney.com/pub/web_nr_gbzwy_bmy_01_01_01_0极高的景气度，去年毛利达惊人的83％的公司融资租赁去年创净利10亿元，今年又将大幅提升三季报后券商们纷纷在20元附近给出买入增持，安信给出6个月目标价25.8元 
                        "
19,3959,2017-11-30,咯咯咯咯咯 狂笑 瞎子狂笑 市值270亿 利润冲百,"
                            
                            咯咯咯 年年业绩翻今年4倍 今年净资增55亿25% 市值仅270亿 可暴涨5倍 瞎子狂笑 瞎子狂笑 前三年业绩翻今年4倍，前三季净资产狂增55亿25% 市值仅270亿 可暴涨5倍。 咯咯咯咯咯 狂笑 瞎子狂笑 市值270亿 利润冲百亿 晨鸣纸业 000488。 今年前三季净资产狂增43亿外加6月分红几亿，仅三季净资产暴增55亿，三季单季实际利润高达32亿，狂笑 可暴涨5倍 市值仅270亿，全年利润有望冲百亿，明年150亿？。 前三年业绩都翻倍。 市值270亿，前三季实际利润57亿，全年有望利润冲击百亿。 明年有望冲击150亿？辽宁镁矿储量3800万吨，价值7000亿，200万亩自有林600万亩合作丰速生林价值一旦重估至少价值千亿。晨鸣纸业（000488）17元买入，明年6月分红绝对收益6%，年化收益率12％左右 ，为低价定增作最后打压脑子不要进水！单淡季三季利已超32亿，照此速度明年利润超150亿？。 三季报表每股0.41元，应收票据贴隐瞒利润24亿元。 今年底镁矿投产赶上镁价暴涨，明年山东本部50万吨投产，湖北黄岗一期投产，又将为公司创造天量利润，今年十月纸价又二次大幅提价，在大环保压力下中小纸企纷纷关门，今后多年纸价将保持http://acttg.eastmoney.com/pub/web_nr_gbzwy_bmy_01_01_01_0极高的景气度，去年毛利达惊人的83％的公司融资租赁去年创净利10亿元，今年又将大幅提升三季报后券商们纷纷在20元附近给出买入增持，安信给出6个月目标价25.8元 
                        "
39,5508,2017-11-30,咯咯咯 年年业绩翻今年4倍 今年净资增55亿25% ,"
                            
                            咯咯咯 年年业绩翻今年4倍 今年净资增55亿25% 市值仅270亿 可暴涨5倍 瞎子狂笑 瞎子狂笑 前三年业绩翻今年4倍，前三季净资产狂增55亿25% 市值仅270亿 可暴涨5倍。 咯咯咯咯咯 狂笑 瞎子狂笑 市值270亿 利润冲百亿 晨鸣纸业 000488。 今年前三季净资产狂增43亿外加6月分红几亿，仅三季净资产暴增55亿，三季单季实际利润高达32亿，狂笑 可暴涨5倍 市值仅270亿，全年利润有望冲百亿，明年150亿？。 前三年业绩都翻倍。 市值270亿，前三季实际利润57亿，全年有望利润冲击百亿。 明年有望冲击150亿？辽宁镁矿储量3800万吨，价值7000亿，200万亩自有林600万亩合作丰速生林价值一旦重估至少价值千亿。晨鸣纸业（000488）17元买入，明年6月分红绝对收益6%，年化收益率12％左右 ，为低价定增作最后打压脑子不要进水！单淡季三季利已超32亿，照此速度明年利润超150亿？。 三季报表每股0.41元，应收票据贴隐瞒利润24亿元。 今年底镁矿投产赶上镁价暴涨，明年山东本部50万吨投产，湖北黄岗一期投产，又将为公司创造天量利润，今年十月纸价又二次大幅提价，在大环保压力下中小纸企纷纷关门，今后多年纸价将保持http://acttg.eastmoney.com/pub/web_nr_gbzwy_bmy_01_01_01_0极高的景气度，去年毛利达惊人的83％的公司融资租赁去年创净利10亿元，今年又将大幅提升三季报后券商们纷纷在20元附近给出买入增持，安信给出6个月目标价25.8元 
                        "
16,6367,2017-12-10,发个图片 进来看看吧,"
                            
                            大家发表下见解 
"
62,52795,2017-08-30,克服恐惧耐心持股大盘在上升初期是以波浪式的运,"
                            
                            根据能量运行规律大盘处在上升初期的慢慢牛市路上！在上升初期不会一挥而就，而是三步一回头，以波浪式的运行方式前进！操盘建议：克服恐惧耐心持股！非短线高手不做短线操作！ 
                        "
86,41350,2017-11-24,部分低价(3-4元)地产股:估值修复上涨空间很大:,"
                            
                            本人从事房地产行业工作十七年,熟知房地产行业的特性和特点及走向,所以本人大部分时间重点炒优质地产股,其理由:本人认为房地产行业具如下五大优势:一是:估值优势突出:部分地产股低估严重,价值与价格严重背离,极具估值优势和中长期投资价值。二是:房地产行业具八高八低优势:八高是:盈利能力高弹性、高毛利率、高劳动生产率、高人均利润率、高每股收益率、高每股净资产、高回报率、高转型机率;八低是:用人低(一个几十亿销售额的公司.用人不到200人)、人工成本低(与各行业比较,在当下用人成本不断上升的情况下房地产行业优势突显)、市盈率低、市净率低、估值低(3496只A股同等条件下比较,方显真金白银)、风险低(现价买入收益远远大于风险)、涨幅低(不论1664点以来,还是2638点,还是3017以来,滞涨严重,趴在底部)、股价低(很多3-4元股基本面极其优良)。三是:具新型城镇化和保国民经济增长优势:保国民经济增长和新型城镇化要发展,房地产行业龙头地位3-5年不可替代,(全国政协委员、著名经济学家厉以宁表示，房地产的支柱产业效应不能低估，这个产业能解决老百姓的住房问题，还能带动消费和国民经济增长。他认为，不能一说到房地产就说泡沫，现在经济增速放缓，房地产是一大拉动力),国家层面对房地产行业政策不可能有重大改变,对房地产行业的调控,本意是促房地产行业健康稳定发展,并不是恶意打压。 四是:房地产企业具转型快的优势:房地产企业转型多元化多业态发展快,并有这个经济实力,如:参予国企改革、要投资开办一所学校、一所民营医院、一家民营银行、一家民营证券或信托公司、一家民营保险公司、一家民营传媒和影视公司或涉新兴行业、互联网+、军工、新能源、环保、智慧城市、美丽中国等诸行业,就他们这十几年积累的资本和经济实力是轻而易举的事,有些房企已率先战略转型,有些房企也正在规划战略转型。五是:房地产板块在股市中的龙头地位优势:房地产股(151只左右)在持续打压下跌后,绝大部分(除招、保、万、金外)估值处在历史底部区域(而这些股都是区域龙头企业,基本面极其优良),逢低吸纳正当时。我几十年的炒股经历告诉我---中国股市要走牛市,不可能没有房地产股的参予,同时,房地产行业发展受阻,也会影响几十上百个行业率先业绩下滑,所以,部分低价(股价3-4元,如,600665、600743、600823)地产股估值修复上涨空间很大。 
                        "
62,25565,2017-08-12,何为去杠杆,"
                            
                            尤其现在国有资产在去杠杆，你知道为什么吗？？？大家讨论讨论 
                        "
313,201441,2017-05-12,a股3053点双底做成，目标看高一线6281点！,"
                            
                            a股3053点双底做成，第一个底部是2017年1月16日，第二个是2017年5月10日，目标看高一线6281点，期待17、18年的大牛市。中长线下周一开盘可以重仓介入，个股自己选，但要选好！ 
"
29,19987,2017-09-01,上证指数3301点的191交易日即9月6日见顶，然后,"
                            
                            上证指数3301点的191交易日即9月6日见顶，然后跌很多， 
"
14,6181,2017-10-16,这样的大盘，你很有面子哦！呵呵,"
                            
                            这样的大盘，你很有面子哦！呵呵 
                        "
