vvvincent,https://www.zhihu.com/people/vvvincent/following
生活如此多喵,https://www.zhihu.com/people/slim-tabe/following
壁虎,https://www.zhihu.com/people/lovebeef/following
路小疯,https://www.zhihu.com/people/lu-xiao-feng-9/following
yolfilm,https://www.zhihu.com/people/yolfilm/following
jiegeng forever,https://www.zhihu.com/people/kuang-wu-87-8/following
弘树,https://www.zhihu.com/people/hongyu-zhang-63/following
朱医生,https://www.zhihu.com/people/zhu-xiao-ping-72/following
知北游,https://www.zhihu.com/people/zhibeiyou/following
魏则西,https://www.zhihu.com/people/wei-ze-xi-89/following
叙名,https://www.zhihu.com/people/lipaper/following
芈十四,https://www.zhihu.com/people/mishisi/following
玄不救非氪不改命,https://www.zhihu.com/people/xbjf/following
大黑旗,https://www.zhihu.com/people/mao-lin-55-80/following
古青,https://www.zhihu.com/people/hu-jing-70-38/following
微黏王子,https://www.zhihu.com/people/wei-nian-58/activities
张佳玮,https://www.zhihu.com/people/zhang-jia-wei/activities
朱炫,https://www.zhihu.com/people/zhu-xuan-86/following
无色方糖,https://www.zhihu.com/people/reallysugar/following
ytytytyt,https://www.zhihu.com/people/ytytytyt_2/following
隔壁老张,https://www.zhihu.com/people/zhang-lian-68-1/following
罗妍君,https://www.zhihu.com/people/luo-yan-jun-95/following
张亮-Leo,https://www.zhihu.com/people/zhangleo/following
MrPigeon,https://www.zhihu.com/people/mrpigeon/following
张小串儿,https://www.zhihu.com/people/zhang-xiao-chuan-47/following
钟文,https://www.zhihu.com/people/zhong-wen-71/following
黑色光驱,https://www.zhihu.com/people/li-ying-hao-54/following
Gold RIch Money,https://www.zhihu.com/people/zhang-yuan-chao-30/following
人形饭桶兽,https://www.zhihu.com/people/pang-yu-16-80/following
Leezix,https://www.zhihu.com/people/leezix-24/following
李俊杰,https://www.zhihu.com/people/li-jun-jie-1-26-26/following
李少荃,https://www.zhihu.com/people/li-shao-quan-18/following
筑室,https://www.zhihu.com/people/zhushi_j/following
Fenng,https://www.zhihu.com/people/fenng/following
咖喱鸡,https://www.zhihu.com/people/ka-li-ji/following
王家,https://www.zhihu.com/people/wang-jia-48-31/following
刘易杰,https://www.zhihu.com/people/liu-yi-jie-84/following
张志浩,https://www.zhihu.com/people/zhang-zhihao/following
杏林小草,https://www.zhihu.com/people/easymedicine/following
胡远东,https://www.zhihu.com/people/hydfox/following
田吉顺,https://www.zhihu.com/people/tian-ji-shun/following
Luxenius,https://www.zhihu.com/people/luxenius/following
银闪,https://www.zhihu.com/people/yin-shan-75/following
蚂蚁菜,https://www.zhihu.com/people/ma-yi-cai/following
Van Bruce,https://www.zhihu.com/people/van-bruce/following
通吃岛岛主,https://www.zhihu.com/people/tong-chi-bo-62/following
Jing,https://www.zhihu.com/people/jing-22/following
观察者,https://www.zhihu.com/people/guan-cha-zhe-17/following
webmaker,https://www.zhihu.com/people/webmaker/following
化工那么事儿,https://www.zhihu.com/people/hua-gong-chan-ye-zhi-ku/following
渣渣,https://www.zhihu.com/people/xiaozhazha/following
张大蛤,https://www.zhihu.com/people/abstract202/following
蚍蜉护林员,https://www.zhihu.com/people/pifuzhongshu/following
柳如O,https://www.zhihu.com/people/gracelu/following
AaronMan,https://www.zhihu.com/people/AaronMan007/following
逻格斯,https://www.zhihu.com/people/linjian0325/following
叶落孤舟,https://www.zhihu.com/people/yeluoguzhou/following
1087,https://www.zhihu.com/people/1087-86/following
山羊月,https://www.zhihu.com/people/shan-yang-yue/following
江畅,https://www.zhihu.com/people/jiang-chang-72-88/following
杨小彻,https://www.zhihu.com/people/yangxiaoche/following
李燃末,https://www.zhihu.com/people/liranmo/following
糖糖,https://www.zhihu.com/people/tang-echo-94/following
maomaobear,https://www.zhihu.com/people/maomaobear/following
PPPhoenix海鹏x,https://www.zhihu.com/people/ppphoenixhai-peng-x/following
李杨,https://www.zhihu.com/people/rushy/following
Albert Zhang,https://www.zhihu.com/people/zhang-albert-54/following
夏东,https://www.zhihu.com/people/summereast/following
你才是兔子,https://www.zhihu.com/people/jiang-yue-ming-98/following
包工头,https://www.zhihu.com/people/wang-er-ge-36/following
