vvvincent,https://www.zhihu.com/people/vvvincent/following,,
生活如此多喵,https://www.zhihu.com/people/slim-tabe/following,搜狗输入法,http://www.zhihu.com/api/v4/people/f911fd04dcdeb7f1625db991511144e1
生活如此多喵,https://www.zhihu.com/people/slim-tabe/following,涂洋洋,http://www.zhihu.com/api/v4/people/4da9ef2357547da2785a0974d46a0861
生活如此多喵,https://www.zhihu.com/people/slim-tabe/following,曹Lily,http://www.zhihu.com/api/v4/people/95449c034a71f19d4583544d56150530
生活如此多喵,https://www.zhihu.com/people/slim-tabe/following,小骨子,http://www.zhihu.com/api/v4/people/1c972bb55ed2b7da95785b8844680e03
生活如此多喵,https://www.zhihu.com/people/slim-tabe/following,真理,http://www.zhihu.com/api/v4/people/9ed0f196a0178253729d3bf53c1cc374
生活如此多喵,https://www.zhihu.com/people/slim-tabe/following,Nina,http://www.zhihu.com/api/v4/people/97b3f7195b952ccc56be9e573ff5827d
生活如此多喵,https://www.zhihu.com/people/slim-tabe/following,温酒,http://www.zhihu.com/api/v4/people/bbb58b3cf74a5fa7e835c0358e430acf
生活如此多喵,https://www.zhihu.com/people/slim-tabe/following,一苒,http://www.zhihu.com/api/v4/people/d98b2383655116690e713fbfcc49c62c
生活如此多喵,https://www.zhihu.com/people/slim-tabe/following,勃加蕊,http://www.zhihu.com/api/v4/people/dd2c5b30a4b0ab08ac9fb389d5c7bdae
生活如此多喵,https://www.zhihu.com/people/slim-tabe/following,林奇,http://www.zhihu.com/api/v4/people/6115f53253f773dd9ac87238c7d2eb72
生活如此多喵,https://www.zhihu.com/people/slim-tabe/following,心量V大,http://www.zhihu.com/api/v4/people/0633cea0802dc76d5ae04d213f5a8bb9
生活如此多喵,https://www.zhihu.com/people/slim-tabe/following,木匠小强,http://www.zhihu.com/api/v4/people/2f793b53f6d5493543bc1c750ce6caa4
生活如此多喵,https://www.zhihu.com/people/slim-tabe/following,青团儿Hannah,http://www.zhihu.com/api/v4/people/4e0a61c59ce5656112e9a76843d77c93
生活如此多喵,https://www.zhihu.com/people/slim-tabe/following,queen red,http://www.zhihu.com/api/v4/people/1a2f725bf1348e3278081f27923c724f
生活如此多喵,https://www.zhihu.com/people/slim-tabe/following,韦朝歌,http://www.zhihu.com/api/v4/people/3572468bd0c9278f5a0934bd4a5d675a
生活如此多喵,https://www.zhihu.com/people/slim-tabe/following,石乐天,http://www.zhihu.com/api/v4/people/e236d607a7d914625bfe93b392006c57
生活如此多喵,https://www.zhihu.com/people/slim-tabe/following,蔚来,http://www.zhihu.com/api/v4/people/5ff2335e814658ec28a3bc2f850daa39
生活如此多喵,https://www.zhihu.com/people/slim-tabe/following,桃子湖畔,http://www.zhihu.com/api/v4/people/84a2fdcd1cb3fe8ca0cd4d0607a80d7b
生活如此多喵,https://www.zhihu.com/people/slim-tabe/following,Ravenfield,http://www.zhihu.com/api/v4/people/01be7a0b3018af4a5e962a0409d1537f
生活如此多喵,https://www.zhihu.com/people/slim-tabe/following,妄明,http://www.zhihu.com/api/v4/people/1c8cfe250df692880df0d43d4291396e
生活如此多喵,https://www.zhihu.com/people/slim-tabe/following,十一点半,http://www.zhihu.com/api/v4/people/850590e84f2dffd39c60b37c4edc3baf
生活如此多喵,https://www.zhihu.com/people/slim-tabe/following,蛏子圣子,http://www.zhihu.com/api/v4/people/7a6e606c8d70f8c8a3edeb693eb62450
生活如此多喵,https://www.zhihu.com/people/slim-tabe/following,牛小丘,http://www.zhihu.com/api/v4/people/f73acecefa6cdeb5684b1b45c3ebbd20
生活如此多喵,https://www.zhihu.com/people/slim-tabe/following,Yanbing Zhao,http://www.zhihu.com/api/v4/people/34320a2fcee7796c46d566312790d964
生活如此多喵,https://www.zhihu.com/people/slim-tabe/following,大乘虚怀苦,http://www.zhihu.com/api/v4/people/34969ae2e5e9f3398e2d9aaaeb7991cf
生活如此多喵,https://www.zhihu.com/people/slim-tabe/following,憨笑先生,http://www.zhihu.com/api/v4/people/07ffcc2dee8582b950b4f25182927e7c
生活如此多喵,https://www.zhihu.com/people/slim-tabe/following,院长尼克,http://www.zhihu.com/api/v4/people/a14fe00a96ac204ff9c3c12ac97a1a41
生活如此多喵,https://www.zhihu.com/people/slim-tabe/following,德云色,http://www.zhihu.com/api/v4/people/c3c7caa228a9c638e7c654c5ac6e2d16
生活如此多喵,https://www.zhihu.com/people/slim-tabe/following,浑沌七日死,http://www.zhihu.com/api/v4/people/5794d6d5168ee60978ad2b96f5a89657
生活如此多喵,https://www.zhihu.com/people/slim-tabe/following,木易迟,http://www.zhihu.com/api/v4/people/6ea23c361f447103a52c748ac22956c5
生活如此多喵,https://www.zhihu.com/people/slim-tabe/following,最是人间惆怅客,http://www.zhihu.com/api/v4/people/605337d2499a0aa0f44c221aa4c9dbf6
生活如此多喵,https://www.zhihu.com/people/slim-tabe/following,路人甲,http://www.zhihu.com/api/v4/people/3ffb84a7b6d7e8d2e1f163459a99c851
生活如此多喵,https://www.zhihu.com/people/slim-tabe/following,SCP-005,http://www.zhihu.com/api/v4/people/04c1f84667fb2c3a4c1f97434ff7d699
生活如此多喵,https://www.zhihu.com/people/slim-tabe/following,酣睡的熊,http://www.zhihu.com/api/v4/people/cf0c860ea12d90eb9a6e637c483ad657
生活如此多喵,https://www.zhihu.com/people/slim-tabe/following,fushi99,http://www.zhihu.com/api/v4/people/cc90d3e3bdc821ce201ce995e23f405a
生活如此多喵,https://www.zhihu.com/people/slim-tabe/following,月暮哲惠,http://www.zhihu.com/api/v4/people/004c3afbed2d76636e92cb1815130d81
生活如此多喵,https://www.zhihu.com/people/slim-tabe/following,梁钰,http://www.zhihu.com/api/v4/people/1b71b79cb7386384390d9cf52163f374
生活如此多喵,https://www.zhihu.com/people/slim-tabe/following,铲屎酱,http://www.zhihu.com/api/v4/people/25279c147d5a536fb64e6d98a5f2a9c4
生活如此多喵,https://www.zhihu.com/people/slim-tabe/following,青雀,http://www.zhihu.com/api/v4/people/aeb3973fe52774c84f40361c4f3e98a8
生活如此多喵,https://www.zhihu.com/people/slim-tabe/following,Menelluin,http://www.zhihu.com/api/v4/people/ab5c644f5473e144060b3f8aa10a2d51
生活如此多喵,https://www.zhihu.com/people/slim-tabe/following,海豚可爱多君,http://www.zhihu.com/api/v4/people/7bf4aeceba5b4552e5a07c0f57c6fb91
生活如此多喵,https://www.zhihu.com/people/slim-tabe/following,夜勃,http://www.zhihu.com/api/v4/people/e1c4715ef6a5b59168989ba3a5a43224
生活如此多喵,https://www.zhihu.com/people/slim-tabe/following,左勇江,http://www.zhihu.com/api/v4/people/7c40175f294e277e54e2a6a9b842217d
生活如此多喵,https://www.zhihu.com/people/slim-tabe/following,梁非凡,http://www.zhihu.com/api/v4/people/a4326b166bd35effa97abd5fba74710a
生活如此多喵,https://www.zhihu.com/people/slim-tabe/following,小约翰,http://www.zhihu.com/api/v4/people/59de8693e7f26198003475a928058cf9
生活如此多喵,https://www.zhihu.com/people/slim-tabe/following,简浅,http://www.zhihu.com/api/v4/people/159cd3e3fe3562aad6d337db9e77bdf1
生活如此多喵,https://www.zhihu.com/people/slim-tabe/following,流浪的蛤蟆,http://www.zhihu.com/api/v4/people/c1cbe3b38d6e669e0b6afbb84df06dad
生活如此多喵,https://www.zhihu.com/people/slim-tabe/following,小鲸泱君,http://www.zhihu.com/api/v4/people/f6c09944d99aaec0abd23ff3e0f516a5
生活如此多喵,https://www.zhihu.com/people/slim-tabe/following,纽太普,http://www.zhihu.com/api/v4/people/820b64747d8049aacdc9c4dddddaa60d
生活如此多喵,https://www.zhihu.com/people/slim-tabe/following,璋玉庆,http://www.zhihu.com/api/v4/people/a075b6f656809f313b00b363422532ed
生活如此多喵,https://www.zhihu.com/people/slim-tabe/following,高远,http://www.zhihu.com/api/v4/people/83397a1f883a5cb80dd29fc3043f51da
生活如此多喵,https://www.zhihu.com/people/slim-tabe/following,战忽局保洁小姑娘,http://www.zhihu.com/api/v4/people/a2f59fcfcfd115acdbbc3684d61631ab
生活如此多喵,https://www.zhihu.com/people/slim-tabe/following,宋思民IV,http://www.zhihu.com/api/v4/people/6bda46902a8bdacb4b05bbffc7eafb65
生活如此多喵,https://www.zhihu.com/people/slim-tabe/following,vapor v8,http://www.zhihu.com/api/v4/people/1714dd3eb2589ad62e553d29aff76916
生活如此多喵,https://www.zhihu.com/people/slim-tabe/following,梁兴扬,http://www.zhihu.com/api/v4/people/eb0607547fc62e61af9c8728945a62f8
生活如此多喵,https://www.zhihu.com/people/slim-tabe/following,蔡澜,http://www.zhihu.com/api/v4/people/703df45e986a61a72c9ad54eb4c1c57b
生活如此多喵,https://www.zhihu.com/people/slim-tabe/following,香蕉君不会缺席,http://www.zhihu.com/api/v4/people/cabb392d3278fd385435fa3f3eb81bcf
生活如此多喵,https://www.zhihu.com/people/slim-tabe/following,十一号机,http://www.zhihu.com/api/v4/people/7b9c138d2cdc6203b81806ee27efaee7
生活如此多喵,https://www.zhihu.com/people/slim-tabe/following,唐缺,http://www.zhihu.com/api/v4/people/41f58a858f5cb84ebbead1836096e48a
生活如此多喵,https://www.zhihu.com/people/slim-tabe/following,Alfred Xu,http://www.zhihu.com/api/v4/people/34f705bc59e1cef4c5fbcce6ad9e12a8
生活如此多喵,https://www.zhihu.com/people/slim-tabe/following,上古天真,http://www.zhihu.com/api/v4/people/696d66611f57e0b54ebd0ae98e4df0f6
生活如此多喵,https://www.zhihu.com/people/slim-tabe/following,安静的人,http://www.zhihu.com/api/v4/people/ce3f7a3e8306522b8a3c3a81db9e9fa4
生活如此多喵,https://www.zhihu.com/people/slim-tabe/following,vapor v7,http://www.zhihu.com/api/v4/people/a59d55f07746dc80e3bff61829cd41b7
生活如此多喵,https://www.zhihu.com/people/slim-tabe/following,夜小紫,http://www.zhihu.com/api/v4/people/c25c620d5ed716fa5b30c749e36a9ef3
生活如此多喵,https://www.zhihu.com/people/slim-tabe/following,poem,http://www.zhihu.com/api/v4/people/dafad09fd361f10d472e93e1f1ab2d9c
生活如此多喵,https://www.zhihu.com/people/slim-tabe/following,谭酸菜,http://www.zhihu.com/api/v4/people/19a6e8d0c67572f822456ae1d0aee14d
生活如此多喵,https://www.zhihu.com/people/slim-tabe/following,Mr NeverDie,http://www.zhihu.com/api/v4/people/fb81f65088b82a21663f34841f4def6b
生活如此多喵,https://www.zhihu.com/people/slim-tabe/following,猫球,http://www.zhihu.com/api/v4/people/7a0de46a60071716d999e583d78ae255
生活如此多喵,https://www.zhihu.com/people/slim-tabe/following,我想要个女朋友,http://www.zhihu.com/api/v4/people/d9b92dc58183c94b63be0ab98aff5664
生活如此多喵,https://www.zhihu.com/people/slim-tabe/following,温酒,http://www.zhihu.com/api/v4/people/1d454932a3c73a40bf05941e86d0489c
生活如此多喵,https://www.zhihu.com/people/slim-tabe/following,框框框子,http://www.zhihu.com/api/v4/people/4ecc03fa2d3d70c61b210270750a4749
生活如此多喵,https://www.zhihu.com/people/slim-tabe/following,Linda,http://www.zhihu.com/api/v4/people/7a7397e17baf8c58fd744dce675af1cc
生活如此多喵,https://www.zhihu.com/people/slim-tabe/following,老八,http://www.zhihu.com/api/v4/people/17aef32b1456a9dc58ad97092f93eacc
生活如此多喵,https://www.zhihu.com/people/slim-tabe/following,路人甲,http://www.zhihu.com/api/v4/people/eaf435b228ce0b038a4afe8203f59b49
生活如此多喵,https://www.zhihu.com/people/slim-tabe/following,游戏时光VGtime,http://www.zhihu.com/api/v4/people/ab52600ef2751ee6ac4f1d531b65fb53
生活如此多喵,https://www.zhihu.com/people/slim-tabe/following,刘博洋,http://www.zhihu.com/api/v4/people/6b7dbb134d288e0bfb96690f057592b4
生活如此多喵,https://www.zhihu.com/people/slim-tabe/following,中用户一枚,http://www.zhihu.com/api/v4/people/398e4f3bca199328bb86645f803ea670
生活如此多喵,https://www.zhihu.com/people/slim-tabe/following,夏虫不可语冰,http://www.zhihu.com/api/v4/people/3303953beb4859ba99fd6c229a243b82
生活如此多喵,https://www.zhihu.com/people/slim-tabe/following,刘 醒,http://www.zhihu.com/api/v4/people/7dac3d662647d2e6a853f03aaea5cc01
生活如此多喵,https://www.zhihu.com/people/slim-tabe/following,大型社会主义路灯,http://www.zhihu.com/api/v4/people/0289d2d14246198aecd5dad1c1e93f72
生活如此多喵,https://www.zhihu.com/people/slim-tabe/following,贺仙,http://www.zhihu.com/api/v4/people/953060da6e0917497940c083810443a5
生活如此多喵,https://www.zhihu.com/people/slim-tabe/following,安雅,http://www.zhihu.com/api/v4/people/451c7e35456137a1cc80941502c9ecfd
生活如此多喵,https://www.zhihu.com/people/slim-tabe/following,直江信纲,http://www.zhihu.com/api/v4/people/451f5d4ddcf982d5e45e0b312db6dd7f
生活如此多喵,https://www.zhihu.com/people/slim-tabe/following,MollyChang,http://www.zhihu.com/api/v4/people/c3465f2bffb0998551b9c20139eed694
生活如此多喵,https://www.zhihu.com/people/slim-tabe/following,Nameless,http://www.zhihu.com/api/v4/people/7a848608508c5e13d47254778c1b6fae
生活如此多喵,https://www.zhihu.com/people/slim-tabe/following,LuvDDDD,http://www.zhihu.com/api/v4/people/99abc1bf6f7c61cd76a0a8f4ef9657d5
生活如此多喵,https://www.zhihu.com/people/slim-tabe/following,不睡觉假扮王祖贤,http://www.zhihu.com/api/v4/people/513bc3fb5dae7bdbaf4087dde44420a8
生活如此多喵,https://www.zhihu.com/people/slim-tabe/following,狗子,http://www.zhihu.com/api/v4/people/d40057f51df76186497d7fb83f8e4572
生活如此多喵,https://www.zhihu.com/people/slim-tabe/following,聿纾,http://www.zhihu.com/api/v4/people/0a97a46bdae3ecb024740b3374aba789
生活如此多喵,https://www.zhihu.com/people/slim-tabe/following,雷军,http://www.zhihu.com/api/v4/people/720c6ef165a77d39a9452c8977729518
生活如此多喵,https://www.zhihu.com/people/slim-tabe/following,mo猫,http://www.zhihu.com/api/v4/people/7e87ada4c017fdb63f127adfb56d72d9
生活如此多喵,https://www.zhihu.com/people/slim-tabe/following,牧诗,http://www.zhihu.com/api/v4/people/5b192e1bdf063895f1d9708676078698
生活如此多喵,https://www.zhihu.com/people/slim-tabe/following,刘心,http://www.zhihu.com/api/v4/people/578c35016721a34cba49538860263c6c
生活如此多喵,https://www.zhihu.com/people/slim-tabe/following,我是王哪吒,http://www.zhihu.com/api/v4/people/4d3044433d723e57cb74866517021baa
生活如此多喵,https://www.zhihu.com/people/slim-tabe/following,雷梅苔丝,http://www.zhihu.com/api/v4/people/d97c88e778ed9c9c9a794290b4b25f94
生活如此多喵,https://www.zhihu.com/people/slim-tabe/following,吴清缘,http://www.zhihu.com/api/v4/people/fe7751cabac3c78024ea293e6db3b33a
生活如此多喵,https://www.zhihu.com/people/slim-tabe/following,江先生,http://www.zhihu.com/api/v4/people/cf8523d20be510f8417caa3ed303eb82
生活如此多喵,https://www.zhihu.com/people/slim-tabe/following,歌者,http://www.zhihu.com/api/v4/people/1378f8b0885d3912e4ccadf0c680e90f
生活如此多喵,https://www.zhihu.com/people/slim-tabe/following,知微,http://www.zhihu.com/api/v4/people/8f386e63e87f735ef9c13a32b8886437
生活如此多喵,https://www.zhihu.com/people/slim-tabe/following,苏沉船,http://www.zhihu.com/api/v4/people/c93586c3a5ebf9e8bddf836184e8ad13
生活如此多喵,https://www.zhihu.com/people/slim-tabe/following,渡边曜,http://www.zhihu.com/api/v4/people/4079a15b1999dde090c58de9bbf4c286
生活如此多喵,https://www.zhihu.com/people/slim-tabe/following,涂太,http://www.zhihu.com/api/v4/people/57bcd4b04e36680374ff2833e32fa11c
生活如此多喵,https://www.zhihu.com/people/slim-tabe/following,无耻采铜,http://www.zhihu.com/api/v4/people/20e911524247b63b55decfbe6080aceb
生活如此多喵,https://www.zhihu.com/people/slim-tabe/following,知乎小管家,http://www.zhihu.com/api/v4/people/3d198a56310c02c4a83efb9f4a4c027e
生活如此多喵,https://www.zhihu.com/people/slim-tabe/following,立党,http://www.zhihu.com/api/v4/people/b6f0c45a4d0dc84f228977e0d70bd700
生活如此多喵,https://www.zhihu.com/people/slim-tabe/following,仟音一心,http://www.zhihu.com/api/v4/people/64a1db5813cfffeaf7c389027d450319
生活如此多喵,https://www.zhihu.com/people/slim-tabe/following,陆贽,http://www.zhihu.com/api/v4/people/5f3b788a1fa5be52f0657094e37cde98
生活如此多喵,https://www.zhihu.com/people/slim-tabe/following,经略幽燕我童贯,http://www.zhihu.com/api/v4/people/ee783670739cb480bdacfebc09d1e05e
生活如此多喵,https://www.zhihu.com/people/slim-tabe/following,徐懿邈,http://www.zhihu.com/api/v4/people/d77d364dae4e84547e144c718ecdb7dc
生活如此多喵,https://www.zhihu.com/people/slim-tabe/following,卢秋雨,http://www.zhihu.com/api/v4/people/874dd0df55baffdb0edf24f14ecba1a3
生活如此多喵,https://www.zhihu.com/people/slim-tabe/following,YodaYoda,http://www.zhihu.com/api/v4/people/21318079e2b4309e0f2249d5067b8624
生活如此多喵,https://www.zhihu.com/people/slim-tabe/following,砍掉重练,http://www.zhihu.com/api/v4/people/17c5278f0473255ac0965b28f07e3bb9
生活如此多喵,https://www.zhihu.com/people/slim-tabe/following,威廉二世,http://www.zhihu.com/api/v4/people/5a5670a87eba9131b96579f986a17c20
生活如此多喵,https://www.zhihu.com/people/slim-tabe/following,CarTech,http://www.zhihu.com/api/v4/people/e39529f11afde94b610767a5e496bfdc
生活如此多喵,https://www.zhihu.com/people/slim-tabe/following,密林小法师,http://www.zhihu.com/api/v4/people/a7b681da03931de369cafb27abe3ee17
生活如此多喵,https://www.zhihu.com/people/slim-tabe/following,者也,http://www.zhihu.com/api/v4/people/dbface60dcc92d0bb191ebd481e16dc4
生活如此多喵,https://www.zhihu.com/people/slim-tabe/following,馒头小白饭团,http://www.zhihu.com/api/v4/people/033db07976a1fc9094e4f921ae34a14e
生活如此多喵,https://www.zhihu.com/people/slim-tabe/following,花吃了那女孩,http://www.zhihu.com/api/v4/people/0c402a7f0871025e4058e26b3ef12038
生活如此多喵,https://www.zhihu.com/people/slim-tabe/following,屠飞飞,http://www.zhihu.com/api/v4/people/b631317d4a01e4654403c6959df818c2
生活如此多喵,https://www.zhihu.com/people/slim-tabe/following,王瑞,http://www.zhihu.com/api/v4/people/f8da33536f92f899efc94bbbc01993f7
生活如此多喵,https://www.zhihu.com/people/slim-tabe/following,呵呵,http://www.zhihu.com/api/v4/people/87a3b6e08f65f7edaa1ad76f5611bc1c
生活如此多喵,https://www.zhihu.com/people/slim-tabe/following,芝士就是力量,http://www.zhihu.com/api/v4/people/19e8ce92d4e3ee8dc62fd080ad894fc4
生活如此多喵,https://www.zhihu.com/people/slim-tabe/following,kun yu,http://www.zhihu.com/api/v4/people/609309e89dac3fd1a627f62da88c4297
生活如此多喵,https://www.zhihu.com/people/slim-tabe/following,lxghost,http://www.zhihu.com/api/v4/people/26c245e19ec6653b5f882cba491ded75
生活如此多喵,https://www.zhihu.com/people/slim-tabe/following,情何以甚,http://www.zhihu.com/api/v4/people/758d328e07c8c91a572fb0616b6a12b0
生活如此多喵,https://www.zhihu.com/people/slim-tabe/following,花菌子,http://www.zhihu.com/api/v4/people/b634edcbc68c57df59ccb37174c9f29c
生活如此多喵,https://www.zhihu.com/people/slim-tabe/following,黄色节制,http://www.zhihu.com/api/v4/people/e1baa80ff976e6489669ff435f85c7bb
生活如此多喵,https://www.zhihu.com/people/slim-tabe/following,霍老爷,http://www.zhihu.com/api/v4/people/08f08153e70669661c5e4217815aec0e
生活如此多喵,https://www.zhihu.com/people/slim-tabe/following,护士衫下,http://www.zhihu.com/api/v4/people/0e7171170254b74ea76160b321ab22da
生活如此多喵,https://www.zhihu.com/people/slim-tabe/following,王司图,http://www.zhihu.com/api/v4/people/59fcae62596fb6ba08f2860a5fe6f171
生活如此多喵,https://www.zhihu.com/people/slim-tabe/following,用户不存在,http://www.zhihu.com/api/v4/people/2b81947c2821e9d2f47907a51b15e6f8
生活如此多喵,https://www.zhihu.com/people/slim-tabe/following,范进不举,http://www.zhihu.com/api/v4/people/ef6ddb27fb7a9ad4aa21bc42396a7168
生活如此多喵,https://www.zhihu.com/people/slim-tabe/following,范进不举,http://www.zhihu.com/api/v4/people/881e7e22c268faf62f3bc6ce72dbc97b
生活如此多喵,https://www.zhihu.com/people/slim-tabe/following,范进不举,http://www.zhihu.com/api/v4/people/3280d9d09706264986e62fd1ab1cd9c0
生活如此多喵,https://www.zhihu.com/people/slim-tabe/following,Fangela Baby,http://www.zhihu.com/api/v4/people/4cf378a05b21c8c121e753b483053447
生活如此多喵,https://www.zhihu.com/people/slim-tabe/following,范进不举,http://www.zhihu.com/api/v4/people/43a4d3d7ae30a5a1519ef26b1d7d5859
生活如此多喵,https://www.zhihu.com/people/slim-tabe/following,陈茂蓬,http://www.zhihu.com/api/v4/people/8f11f0d60821fb3e53f66e29870d944a
生活如此多喵,https://www.zhihu.com/people/slim-tabe/following,江城子,http://www.zhihu.com/api/v4/people/26b41829fc8ac1e0f96416aa70239da5
生活如此多喵,https://www.zhihu.com/people/slim-tabe/following,胡鲤,http://www.zhihu.com/api/v4/people/6a1bcbb2861a103d4f9c2f6ac247da45
生活如此多喵,https://www.zhihu.com/people/slim-tabe/following,黄猫鱼,http://www.zhihu.com/api/v4/people/2bd95bc9a35fc886240ca99cea4f2f6f
生活如此多喵,https://www.zhihu.com/people/slim-tabe/following,刘建斌,http://www.zhihu.com/api/v4/people/80acf1014152a2243abef316d314df98
生活如此多喵,https://www.zhihu.com/people/slim-tabe/following,顾小饱,http://www.zhihu.com/api/v4/people/05828e080904b4eea9362a40005f453b
生活如此多喵,https://www.zhihu.com/people/slim-tabe/following,Harry Styles,http://www.zhihu.com/api/v4/people/e46a27b79a3ff5a03f770b6145b69eca
生活如此多喵,https://www.zhihu.com/people/slim-tabe/following,dopadopadopa,http://www.zhihu.com/api/v4/people/da5771a004b17b9c7e5505dbf7f4bdeb
生活如此多喵,https://www.zhihu.com/people/slim-tabe/following,硝镁盐,http://www.zhihu.com/api/v4/people/c6fe99754a3ae4c25e3a8977617a9984
生活如此多喵,https://www.zhihu.com/people/slim-tabe/following,有希子,http://www.zhihu.com/api/v4/people/7e1d4218a3614262fdf16732a3ebc6ea
生活如此多喵,https://www.zhihu.com/people/slim-tabe/following,九安,http://www.zhihu.com/api/v4/people/62fc02aba14ce78c7eaa5677f08c8a21
生活如此多喵,https://www.zhihu.com/people/slim-tabe/following,你处了鬼,http://www.zhihu.com/api/v4/people/d2a0262b043f5ce8b50de6bab4031098
生活如此多喵,https://www.zhihu.com/people/slim-tabe/following,芭蕉叶,http://www.zhihu.com/api/v4/people/60e3eb366b8bc74fd826bf5ff36613db
生活如此多喵,https://www.zhihu.com/people/slim-tabe/following,伊诺,http://www.zhihu.com/api/v4/people/b2d57918afa46856ed4a058cef1ae95b
生活如此多喵,https://www.zhihu.com/people/slim-tabe/following,墟落,http://www.zhihu.com/api/v4/people/f1ebf659ee7066d9b9d8f798c2ec228c
生活如此多喵,https://www.zhihu.com/people/slim-tabe/following,付有,http://www.zhihu.com/api/v4/people/2a37769e82a82c80b5121b10a37a317a
生活如此多喵,https://www.zhihu.com/people/slim-tabe/following,张灏淇,http://www.zhihu.com/api/v4/people/587d46c78a7a9653b501f4f3cb48e356
生活如此多喵,https://www.zhihu.com/people/slim-tabe/following,windleavez,http://www.zhihu.com/api/v4/people/5874b9fc2c79879886cc9caaa2aa1492
生活如此多喵,https://www.zhihu.com/people/slim-tabe/following,城外陈,http://www.zhihu.com/api/v4/people/810577cedfab767fc1fee19ef9abba91
生活如此多喵,https://www.zhihu.com/people/slim-tabe/following,曾巩不作诗,http://www.zhihu.com/api/v4/people/e34893e50d00b28261a7187899ad17ac
生活如此多喵,https://www.zhihu.com/people/slim-tabe/following,我觉得咸粽子好吃,http://www.zhihu.com/api/v4/people/349b009bbdc8ca6d7867c4305229da95
生活如此多喵,https://www.zhihu.com/people/slim-tabe/following,涂样,http://www.zhihu.com/api/v4/people/9d5866ec48e764d0f33c6b15da5e0a49
生活如此多喵,https://www.zhihu.com/people/slim-tabe/following,君子不器,http://www.zhihu.com/api/v4/people/e090e02fb9e31ee6779a39bc8e9efcd1
生活如此多喵,https://www.zhihu.com/people/slim-tabe/following,变先生,http://www.zhihu.com/api/v4/people/ce683252b41e9c2d0a2cf09b7d74e917
